time_s,x_m,y_m,yaw_rad,measured_x_m,measured_y_m,measured_yaw_rad,reference_x_m,reference_y_m,reference_yaw_rad,linear_mps,angular_radps,cross_track_error_m,heading_error_rad,position_error_m,compute_ms
0.000000000000000000e+00,-1.499999999999999944e-01,2.500000000000000000e-01,1.800000000000001599e-01,-1.463365573999236002e-01,2.601726748011828350e-01,1.729736474237753008e-01,0.000000000000000000e+00,0.000000000000000000e+00,0.000000000000000000e+00,7.500000000000001110e-02,-1.500000000000000222e-01,2.500000000000000000e-01,1.800000000000001599e-01,2.915475947422649927e-01,5.125910000000000188e-01
5.000000000000000278e-02,-1.464139033485563068e-01,2.506395278462935639e-01,1.729601513040801564e-01,-1.318395586187632862e-01,2.508893873549342679e-01,1.754289274434421841e-01,0.000000000000000000e+00,0.000000000000000000e+00,0.000000000000000000e+00,1.500000000000000222e-01,-3.000000000000000444e-01,2.506395278462935639e-01,1.729601513040801564e-01,2.902709148584703414e-01,3.352290000000000547e-01
1.000000000000000056e-01,-1.394342572708019701e-01,2.518048075328644941e-01,1.578962722567931465e-01,-1.252862486056317282e-01,2.499774493105491324e-01,1.512259107619655651e-01,0.000000000000000000e+00,0.000000000000000000e+00,0.000000000000000000e+00,2.250000000000000333e-01,-4.500000000000000666e-01,2.518048075328644941e-01,1.578962722567931465e-01,2.878325436730932441e-01,3.153410000000000379e-01
1.500000000000000222e-01,-1.288354445718034591e-01,2.533777433393306633e-01,1.367666004324430418e-01,-1.284369823331953375e-01,2.441352275438224417e-01,1.437931106789474001e-01,0.000000000000000000e+00,0.000000000000000000e+00,0.000000000000000000e+00,3.000000000000000444e-01,-6.000000000000000888e-01,2.533777433393306633e-01,1.367666004324430418e-01,2.842513897903508058e-01,3.451070000000000526e-01
2.000000000000000111e-01,-1.147085016195095591e-01,2.551174321828751368e-01,1.082933246609694145e-01,-9.164970655647969311e-02,2.442316393445942979e-01,8.947833400562377193e-02,0.000000000000000000e+00,0.000000000000000000e+00,0.000000000000000000e+00,3.750000000000000555e-01,-6.519282221695775759e-01,2.551174321828751368e-01,1.082933246609694145e-01,2.797194032372029016e-01,3.318920000000000203e-01
2.500000000000000000e-01,-9.694132459100254784e-02,2.567963462674452413e-01,8.013767693424345140e-02,-9.297564505361674558e-02,2.715221483958348836e-01,8.097905730329291174e-02,0.000000000000000000e+00,0.000000000000000000e+00,0.000000000000000000e+00,4.500000000000000666e-01,-6.549026996707825177e-01,2.567963462674452413e-01,8.013767693424345140e-02,2.744849428835172689e-01,3.241169999999999884e-01
3.000000000000000444e-01,-7.541656853509234870e-02,2.582177272393114675e-01,5.174027238521805572e-02,-6.708701325171051444e-02,2.641621157480106286e-01,3.767629928472393530e-02,0.000000000000000000e+00,0.000000000000000000e+00,0.000000000000000000e+00,5.250000000000001332e-01,-5.049026996707824955e-01,2.582177272393114675e-01,5.174027238521805572e-02,2.690056755353755213e-01,3.416010000000000435e-01
3.500000000000000333e-01,-5.116848586808453447e-02,2.592572290400439461e-01,3.394614836901332922e-02,-7.635784129384176611e-02,2.320913624913839846e-01,3.425779925686622818e-02,0.000000000000000000e+00,0.000000000000000000e+00,0.000000000000000000e+00,6.000000000000000888e-01,-4.277515721602708210e-01,2.592572290400439461e-01,3.394614836901332922e-02,2.642584431111978382e-01,3.433729999999999838e-01
4.000000000000000222e-01,-2.326402702275946408e-02,2.599240129001008648e-01,1.383524741883279674e-02,-2.832442669599180216e-02,2.477338875695629383e-01,2.394842240292938129e-02,0.000000000000000000e+00,0.000000000000000000e+00,0.000000000000000000e+00,5.630839230183475319e-01,-4.089200595047037812e-01,2.599240129001008648e-01,1.383524741883279674e-02,2.609630384468411557e-01,3.348780000000000645e-01
4.500000000000000111e-01,3.927551162776314608e-03,2.600398925848631526e-01,-5.312094957983237720e-03,2.494728617517451286e-02,2.627034652070058818e-01,3.433837867086175777e-04,2.500000000000000139e-02,0.000000000000000000e+00,0.000000000000000000e+00,5.001174138515048773e-01,-3.390096417155872288e-01,2.600398925848631526e-01,-5.312094957983237720e-03,2.608923031358812983e-01,3.338559999999999861e-01
5.000000000000000000e-01,2.736855954509534103e-02,2.597531188953409176e-01,-1.915437672941555647e-02,1.937562075507253539e-02,2.693618441413255793e-01,-2.656019141594789801e-02,2.500000000000000139e-02,0.000000000000000000e+00,0.000000000000000000e+00,5.125265643761970358e-01,-2.459558891623286336e-01,2.597531188953409176e-01,-1.915437672941555647e-02,2.597639175293131042e-01,3.236870000000000025e-01
5.500000000000000444e-01,5.135921478523199080e-02,2.591643469312201464e-01,-2.991921429300159474e-02,3.344514204761203646e-02,2.736602084652123845e-01,-4.539155769062919177e-02,2.500000000000000139e-02,0.000000000000000000e+00,0.000000000000000000e+00,4.811910613671323556e-01,-1.803552325897707365e-01,2.591643469312201464e-01,-2.991921429300159474e-02,2.605013760508374521e-01,3.353790000000000382e-01
6.000000000000000888e-01,7.386853848312814608e-02,2.583986898606109861e-01,-3.808478176377549929e-02,9.286770674253709557e-02,2.416043115080587778e-01,-4.460314218253813578e-02,1.000000000000000056e-01,0.000000000000000000e+00,0.000000000000000000e+00,5.158849731937188432e-01,-1.421245414096129756e-01,2.583986898606109861e-01,-3.808478176377549929e-02,2.597166459869062471e-01,3.266330000000000067e-01
6.500000000000000222e-01,9.807257508562934600e-02,2.573894521540497915e-01,-4.526110222567059083e-02,1.110994322416957170e-01,2.620559308494216366e-01,-4.496277523915104268e-02,1.000000000000000056e-01,0.000000000000000000e+00,0.000000000000000000e+00,4.752794518433694493e-01,-1.670542429134362072e-01,2.573894521540497915e-01,-4.526110222567059083e-02,2.573966686788359270e-01,3.185880000000000378e-01
7.000000000000000666e-01,1.194759163023652454e-01,2.563204352935332664e-01,-5.454847838109833091e-02,9.914304067827771350e-02,2.562342364937942318e-01,-4.543279962926938254e-02,1.000000000000000056e-01,0.000000000000000000e+00,0.000000000000000000e+00,5.019086077461091255e-01,-1.577966211251622675e-01,2.563204352935332664e-01,-5.454847838109833091e-02,2.570592866731001847e-01,3.398370000000000002e-01
7.500000000000000000e-01,1.425717986438396478e-01,2.549479181169452824e-01,-6.416574633225424762e-02,1.375592124246626524e-01,2.397378629271534889e-01,-5.371961757366650048e-02,1.500000000000000222e-01,0.000000000000000000e+00,0.000000000000000000e+00,5.277080049466947864e-01,-1.052925512671493702e-01,2.549479181169452824e-01,-6.416574633225424762e-02,2.550561097632289553e-01,3.220940000000000469e-01
8.000000000000000444e-01,1.684112873486054429e-01,2.531660123156374564e-01,-7.353737936148885268e-02,2.039024814837800403e-01,2.535596661517489636e-01,-6.924420854014012860e-02,2.000000000000000111e-01,0.000000000000000000e+00,0.000000000000000000e+00,4.913084345249828511e-01,-6.442380036610743932e-02,2.531660123156374564e-01,-7.353737936148885268e-02,2.551291370243192747e-01,3.194589999999999930e-01
8.500000000000000888e-01,1.917415228934878646e-01,2.513927104095662335e-01,-7.818836800732942294e-02,1.896085402639647866e-01,2.792677569203094734e-01,-9.030935611877355385e-02,2.000000000000000111e-01,0.000000000000000000e+00,0.000000000000000000e+00,5.231437596294401526e-01,-1.790950233961158614e-02,2.513927104095662335e-01,-7.818836800732942294e-02,2.515283230397459824e-01,3.316319999999999824e-01
9.000000000000000222e-01,2.170214650019866853e-01,2.493278189850279269e-01,-8.481181120005576446e-02,2.402717021451185320e-01,2.389978356595448827e-01,-1.066941639277572129e-01,2.500000000000000000e-01,0.000000000000000000e+00,0.000000000000000000e+00,5.216667768546110473e-01,9.573995132970004873e-02,2.493278189850279269e-01,-8.481181120005576446e-02,2.514993938172536692e-01,3.183670000000000111e-01
9.500000000000000666e-01,2.416450630862984061e-01,2.472568620572267173e-01,-8.300237389247833164e-02,2.332111836460303567e-01,2.478925184660535075e-01,-1.112925727376006257e-01,2.500000000000000000e-01,0.000000000000000000e+00,0.000000000000000000e+00,5.373918967640666233e-01,1.016778788405749145e-01,2.472568620572267173e-01,-8.300237389247833164e-02,2.473979806005262849e-01,3.170850000000000612e-01
1.000000000000000000e+00,2.667133360836860811e-01,2.452006220962119343e-01,-8.068236756416391486e-02,2.627434307227429211e-01,2.298399879340155549e-01,-6.805921160883166010e-02,2.750000000000000222e-01,0.000000000000000000e+00,0.000000000000000000e+00,5.272977213837486410e-01,-3.840291047915728173e-02,2.452006220962119343e-01,-8.068236756416391486e-02,2.453406078806182333e-01,3.282959999999999767e-01
1.050000000000000044e+00,2.912389793526298232e-01,2.432282280274483399e-01,-7.981562391146912461e-02,2.801114860364635195e-01,2.623991550701882391e-01,-8.641476547374882244e-02,2.750000000000000222e-01,0.000000000000000000e+00,0.000000000000000000e+00,4.886157509330447124e-01,-1.093361606656732647e-02,2.432282280274483399e-01,-7.981562391146912461e-02,2.437697178892151428e-01,3.140189999999999926e-01
1.100000000000000089e+00,3.136312198441972288e-01,2.413939501474694216e-01,-8.365096020550089051e-02,3.164341233048644786e-01,2.339626428353553944e-01,-1.073679161267753202e-01,3.250000000000000111e-01,0.000000000000000000e+00,0.000000000000000000e+00,5.190778378832618944e-01,1.047577539856160145e-01,2.413939501474694216e-01,-8.365096020550089051e-02,2.416615160302316989e-01,3.219240000000000435e-01
1.150000000000000133e+00,3.379656925276410817e-01,2.394166364798691882e-01,-7.850411300425275130e-02,3.286080707993927486e-01,2.532998421426212454e-01,-9.400107683600600339e-02,3.250000000000000111e-01,0.000000000000000000e+00,0.000000000000000000e+00,4.919641418376102804e-01,2.941967116746177155e-02,2.394166364798691882e-01,-7.850411300425275130e-02,2.397674602736058480e-01,3.201200000000000156e-01
1.200000000000000178e+00,3.617410323130681449e-01,2.375471535574445459e-01,-7.843532521148954828e-02,3.609248574360487405e-01,2.145980584407892466e-01,-9.293937115579975483e-02,3.500000000000000333e-01,0.000000000000000000e+00,0.000000000000000000e+00,4.756682593655990332e-01,7.515687684725531892e-02,2.375471535574445459e-01,-7.843532521148954828e-02,2.378371333560439782e-01,3.167440000000000255e-01
1.250000000000000000e+00,3.843113536116562479e-01,2.357990700301889619e-01,-7.615713164934323487e-02,3.727588387115871038e-01,2.493959168345969979e-01,-1.036165244316586964e-01,3.750000000000000000e-01,0.000000000000000000e+00,0.000000000000000000e+00,5.049914893611283651e-01,7.075387367583359233e-02,2.357990700301889619e-01,-7.615713164934323487e-02,2.359828441501272689e-01,3.218730000000000202e-01
1.300000000000000044e+00,4.081036078798830902e-01,2.340446290600455281e-01,-7.105643702872121992e-02,4.137009771183487450e-01,2.622961492826130225e-01,-7.301492147652188791e-02,4.250000000000000444e-01,0.000000000000000000e+00,0.000000000000000000e+00,5.251650778942315023e-01,-6.140795859367796650e-02,2.340446290600455281e-01,-7.105643702872121992e-02,2.346537373632285872e-01,3.239970000000000350e-01
1.350000000000000089e+00,4.324482600443304570e-01,2.322626956663974285e-01,-7.507514347889365780e-02,4.111362856830336754e-01,2.407880920646609801e-01,-6.640688110683345968e-02,4.250000000000000444e-01,0.000000000000000000e+00,0.000000000000000000e+00,5.308771376827909894e-01,-5.872188250107713420e-02,2.322626956663974285e-01,-7.507514347889365780e-02,2.323820913407690369e-01,3.151810000000000445e-01
1.400000000000000133e+00,4.572203349251467985e-01,2.303470573229227381e-01,-7.927877963310425713e-02,4.577740425336214725e-01,2.175284680142421379e-01,-9.614886823560508944e-02,4.500000000000000111e-01,0.000000000000000000e+00,0.000000000000000000e+00,4.826857308125619417e-01,8.350956042152493652e-02,2.303470573229227381e-01,-7.927877963310425713e-02,2.304601919068912652e-01,3.246990000000000154e-01
1.450000000000000178e+00,4.790541674999016508e-01,2.286393755035817099e-01,-7.682871555965054000e-02,4.659018521945300084e-01,2.328142986626985655e-01,-9.246712119807520835e-02,4.750000000000000333e-01,0.000000000000000000e+00,0.000000000000000000e+00,5.202633061241368484e-01,4.995929552370766830e-02,2.286393755035817099e-01,-7.682871555965054000e-02,2.286753163434678549e-01,3.124660000000000215e-01
1.500000000000000000e+00,5.038072289418255023e-01,2.267641058608872717e-01,-7.440060084633737247e-02,4.854095680701611681e-01,2.243504734846167303e-01,-6.352721065537192402e-02,4.750000000000000333e-01,0.000000000000000000e+00,0.000000000000000000e+00,4.768159115158234762e-01,-4.846423568777098734e-02,2.267641058608872717e-01,-7.440060084633737247e-02,2.285865616045580917e-01,3.078270000000000173e-01
1.550000000000000044e+00,5.261864626916576970e-01,2.250903725536885225e-01,-7.490058549664979637e-02,5.462823428606260467e-01,2.271485445392350533e-01,-5.424242819441582597e-02,5.500000000000000444e-01,0.000000000000000000e+00,0.000000000000000000e+00,5.082799271656148754e-01,-8.713103946210393191e-02,2.250903725536885225e-01,-7.490058549664979637e-02,2.263465492900081921e-01,3.209319999999999951e-01
1.600000000000000089e+00,5.495479091487964762e-01,2.232004719301816653e-01,-8.654437499721945315e-02,5.457439661367468053e-01,2.043168480262378128e-01,-1.002532505492523818e-01,5.500000000000000444e-01,0.000000000000000000e+00,0.000000000000000000e+00,5.094789997692350525e-01,6.286896053789609029e-02,2.232004719301816653e-01,-8.654437499721945315e-02,2.232009297829952166e-01,3.063850000000000184e-01
1.650000000000000133e+00,5.728713276690927669e-01,2.212114048309199998e-01,-8.360785723582875306e-02,5.839481220700238895e-01,2.292390029595711143e-01,-9.801267305500838134e-02,5.750000000000000666e-01,0.000000000000000000e+00,0.000000000000000000e+00,4.800708285207780923e-01,7.550123241633842353e-02,2.212114048309199998e-01,-8.360785723582875306e-02,2.212216464841574859e-01,3.017859999999999987e-01
1.700000000000000178e+00,5.961587827287351260e-01,2.193452441273278375e-01,-7.632214301796924616e-02,5.819746905315353880e-01,2.283468325564420864e-01,-9.969130042310814233e-02,5.750000000000000666e-01,0.000000000000000000e+00,0.000000000000000000e+00,4.844660318961322432e-01,8.298632332183690508e-02,2.193452441273278375e-01,-7.632214301796924616e-02,2.203634048744002871e-01,3.095310000000000561e-01
1.750000000000000000e+00,6.178176053478061647e-01,2.177497482252412631e-01,-7.074210804165526056e-02,5.996793018120648577e-01,2.276943593484862249e-01,-6.479599992316043000e-02,6.000000000000000888e-01,0.000000000000000000e+00,0.000000000000000000e+00,5.007142534850105298e-01,-4.796958994057255038e-02,2.177497482252412631e-01,-7.074210804165526056e-02,2.184775043625455937e-01,2.988510000000000333e-01
1.800000000000000044e+00,6.411892303536459448e-01,2.160523669824096771e-01,-7.425477380742862010e-02,6.363249885380291015e-01,2.149214429813829930e-01,-6.831357232793466849e-02,6.250000000000000000e-01,0.000000000000000000e+00,0.000000000000000000e+00,4.747770925561990429e-01,-1.826878988632237369e-02,2.160523669824096771e-01,-7.425477380742862010e-02,2.166580634505562153e-01,2.940610000000000168e-01
1.850000000000000089e+00,6.632280758639538254e-01,2.144059636867642338e-01,-7.487742754738713202e-02,6.679172914256742422e-01,2.284761253295319594e-01,-6.571962735836800462e-02,6.750000000000000444e-01,0.000000000000000000e+00,0.000000000000000000e+00,5.157745376267560689e-01,-4.548868068213908489e-02,2.144059636867642338e-01,-7.487742754738713202e-02,2.147288882808153776e-01,3.254200000000000426e-01
1.900000000000000133e+00,6.880376330272069962e-01,2.125077795897622468e-01,-7.784542595909060836e-02,7.097583109442797689e-01,2.357752294097461565e-01,-7.127526770965175729e-02,7.000000000000000666e-01,0.000000000000000000e+00,0.000000000000000000e+00,4.782663845184074169e-01,-3.388957661994333043e-02,2.125077795897622468e-01,-7.784542595909060836e-02,2.128442026689069677e-01,3.081280000000000130e-01
1.950000000000000178e+00,7.102904072988133199e-01,2.107338889513344915e-01,-8.124911639283283193e-02,7.204532703012187511e-01,1.874820501702012809e-01,-8.045653735828794950e-02,7.250000000000000888e-01,0.000000000000000000e+00,0.000000000000000000e+00,5.101264299757189979e-01,6.286609923741359740e-02,2.107338889513344915e-01,-8.124911639283283193e-02,2.112466427425254700e-01,3.045610000000000261e-01
2.000000000000000000e+00,7.347737277904958786e-01,2.087570175516392235e-01,-7.988850688413284828e-02,7.352472563179397458e-01,2.345625162335057967e-01,-1.052864498026817586e-01,7.250000000000000888e-01,0.000000000000000000e+00,0.000000000000000000e+00,4.771774090921370726e-01,9.612900311266636688e-02,2.087570175516392235e-01,-7.988850688413284828e-02,2.089856888209767338e-01,3.117950000000000443e-01
2.050000000000000266e+00,7.570238427938202896e-01,2.070067885853129619e-01,-7.711134492852922406e-02,7.670343625670698051e-01,2.197716909380606487e-01,-8.903531077868986898e-02,7.750000000000000222e-01,0.000000000000000000e+00,0.000000000000000000e+00,5.177409888303563523e-01,5.376356975109496811e-02,2.070067885853129619e-01,-7.711134492852922406e-02,2.077858338489555201e-01,3.053820000000000423e-01
2.100000000000000089e+00,7.814812266427669796e-01,2.051557965713874110e-01,-7.396532572460801092e-02,8.011352577314075907e-01,2.030889197065883778e-01,-7.374858073368173450e-02,8.000000000000000444e-01,0.000000000000000000e+00,0.000000000000000000e+00,4.974715675436128803e-01,1.747184773566508656e-02,2.051557965713874110e-01,-7.396532572460801092e-02,2.059899168248219281e-01,3.001630000000000131e-01
2.149999999999999911e+00,8.051511429633817496e-01,2.034425988557632126e-01,-7.054008202967221308e-02,8.129151186285302755e-01,1.868618213565838571e-01,-6.834220773660426573e-02,8.250000000000000666e-01,0.000000000000000000e+00,0.000000000000000000e+00,5.269153332976858062e-01,1.791137557405838784e-02,2.034425988557632126e-01,-7.054008202967221308e-02,2.044085814119531996e-01,3.124350000000000183e-01
2.200000000000000178e+00,8.296930333422763981e-01,2.016754429455622777e-01,-7.322319132507226769e-02,8.302615284934280471e-01,2.306396241947107351e-01,-1.000312106332641449e-01,8.250000000000000666e-01,0.000000000000000000e+00,0.000000000000000000e+00,4.882815777280329894e-01,8.132213632701162931e-02,2.016754429455622777e-01,-7.322319132507226769e-02,2.017300395311527883e-01,3.002130000000000076e-01
2.250000000000000000e+00,8.519096706704225586e-01,2.000968677019067943e-01,-6.864586733309030464e-02,8.562976661276073820e-01,2.332050504952012382e-01,-8.578260950990701517e-02,8.500000000000000888e-01,0.000000000000000000e+00,0.000000000000000000e+00,4.859738955740941502e-01,2.421013620604660008e-02,2.000968677019067943e-01,-6.864586733309030464e-02,2.001059801859601250e-01,2.996620000000000394e-01
2.300000000000000266e+00,8.742510067440141253e-01,1.985537421642842026e-01,-6.927592850404939995e-02,8.833589698155418501e-01,1.928757691109126149e-01,-6.150051203464057537e-02,8.750000000000000000e-01,0.000000000000000000e+00,0.000000000000000000e+00,4.813829790899154526e-01,-1.565998467520186843e-02,1.985537421642842026e-01,-6.927592850404939995e-02,1.985551548520928244e-01,3.109630000000000449e-01
2.350000000000000089e+00,8.970480781164497097e-01,1.969619818817356371e-01,-7.014382870519053625e-02,8.871177788742096171e-01,2.127758792931531140e-01,-6.639811933691719403e-02,8.750000000000000000e-01,0.000000000000000000e+00,0.000000000000000000e+00,4.730113943031095114e-01,-2.274345517667521188e-02,1.969619818817356371e-01,-7.014382870519053625e-02,1.981921796020474358e-01,3.034190000000000498e-01
2.400000000000000355e+00,9.182300744655654823e-01,1.954920682497645057e-01,-6.842298997241469394e-02,8.959788688382546162e-01,2.075305169682771234e-01,-8.148863418276786064e-02,9.000000000000000222e-01,0.000000000000000000e+00,0.000000000000000000e+00,5.089558210330584753e-01,4.099346712091352096e-02,1.954920682497645057e-01,-6.842298997241469394e-02,1.963402260454811810e-01,2.983589999999999853e-01
2.450000000000000178e+00,9.421369298168317252e-01,1.938680552555800407e-01,-6.723030337811586321e-02,9.257812137653029794e-01,1.862869246372314269e-01,-7.531640410779072425e-02,9.250000000000000444e-01,0.000000000000000000e+00,0.000000000000000000e+00,4.982600895134524088e-01,4.499155820573608189e-02,1.938680552555800407e-01,-6.723030337811586321e-02,1.946239893027774948e-01,3.068460000000000076e-01
2.500000000000000000e+00,9.654843198111275893e-01,1.923251568030411585e-01,-6.474661544336868246e-02,9.639216493628880444e-01,2.179199766680947337e-01,-5.823719005271410509e-02,9.750000000000000888e-01,0.000000000000000000e+00,0.000000000000000000e+00,5.246735976747501917e-01,-6.017686515111810713e-02,1.923251568030411585e-01,-6.474661544336868246e-02,1.925604167755441687e-01,2.985800000000000121e-01
2.550000000000000266e+00,9.895928600160998068e-01,1.907138295579268172e-01,-6.872760753503959208e-02,1.017527077440143701e+00,2.116875086203052758e-01,-8.138815950509847852e-02,1.025000000000000133e+00,0.000000000000000000e+00,0.000000000000000000e+00,5.166436265347813528e-01,3.526914975973840377e-02,1.907138295579268172e-01,-6.872760753503959208e-02,1.939727567120946849e-01,2.981990000000000474e-01
2.600000000000000089e+00,1.013398364375826199e+00,1.890893622848544564e-01,-6.753943241747961679e-02,1.027853765317646717e+00,1.869728453853050087e-01,-6.667553239277701493e-02,1.025000000000000133e+00,0.000000000000000000e+00,0.000000000000000000e+00,4.936441234950989521e-01,1.147416119898885326e-02,1.890893622848544564e-01,-6.753943241747961679e-02,1.894449389095655967e-01,3.074270000000000613e-01
2.650000000000000355e+00,1.036932029848456782e+00,1.874934845226754188e-01,-6.787833790774788767e-02,1.019435887741763525e+00,2.066035813191388626e-01,-7.411198920062078699e-02,1.025000000000000133e+00,0.000000000000000000e+00,0.000000000000000000e+00,5.123923372740909477e-01,1.432596168353577303e-02,1.874934845226754188e-01,-6.787833790774788767e-02,1.878727763002377704e-01,3.006330000000000391e-01
2.700000000000000178e+00,1.061159424352857705e+00,1.858281129284617417e-01,-6.938413183711666932e-02,1.062761143663490726e+00,1.755342594159013947e-01,-6.486442318921969985e-02,1.074999999999999956e+00,0.000000000000000000e+00,0.000000000000000000e+00,5.272582672794693393e-01,1.933723991921881477e-02,1.858281129284617417e-01,-6.938413183711666932e-02,1.863428267704378138e-01,2.955940000000000234e-01
2.750000000000000000e+00,1.085915666233643329e+00,1.840931106724482680e-01,-7.055390969244745847e-02,1.085510579077874294e+00,1.873541083479311753e-01,-7.512661215143445759e-02,1.074999999999999956e+00,0.000000000000000000e+00,0.000000000000000000e+00,4.765909418750104432e-01,4.290301864496749717e-02,1.840931106724482680e-01,-7.055390969244745847e-02,1.844164449456245913e-01,3.441750000000000087e-01
2.800000000000000266e+00,1.108378778951314203e+00,1.825112323252177093e-01,-7.005627216547338776e-02,1.084811277147529340e+00,2.032823338120082757e-01,-7.552456292843734431e-02,1.074999999999999956e+00,0.000000000000000000e+00,0.000000000000000000e+00,4.781484124056153417e-01,2.393128846553241665e-02,1.825112323252177093e-01,-7.005627216547338776e-02,1.855383863494298458e-01,2.986900000000000110e-01
2.850000000000000089e+00,1.129983602738813042e+00,1.810322773086036618e-01,-6.664017527255516882e-02,1.128588939985138762e+00,1.719888585852710206e-01,-6.040964841156881704e-02,1.125000000000000000e+00,0.000000000000000000e+00,0.000000000000000000e+00,4.920067432415415332e-01,7.069980907925982674e-03,1.810322773086036618e-01,-6.664017527255516882e-02,1.811008606379259644e-01,2.985100000000000531e-01
2.900000000000000355e+00,1.152782637357835593e+00,1.795150710572680219e-01,-6.625777950504074809e-02,1.165376772699215024e+00,1.813264433088652150e-01,-5.251731825015504285e-02,1.175000000000000044e+00,0.000000000000000000e+00,0.000000000000000000e+00,5.214327597141503734e-01,-3.474118603800452343e-02,1.795150710572680219e-01,-6.625777950504074809e-02,1.808846923857003186e-01,3.063339999999999952e-01
2.950000000000000178e+00,1.177551789984500497e+00,1.778382444159158360e-01,-6.893231205196936884e-02,1.186844522868203855e+00,1.661377780362676693e-01,-6.841152544791784251e-02,1.175000000000000044e+00,0.000000000000000000e+00,0.000000000000000000e+00,4.736199939238857626e-01,4.481217084740753143e-02,1.778382444159158360e-01,-6.893231205196936884e-02,1.778565512120934278e-01,3.040709999999999802e-01
3.000000000000000000e+00,1.199284977531184682e+00,1.763858987236746056e-01,-6.452160787268024222e-02,1.192242188106854339e+00,1.933265491913315759e-01,-7.815332361043569875e-02,1.200000000000000178e+00,0.000000000000000000e+00,0.000000000000000000e+00,5.172781211795259848e-01,4.665808760831218621e-02,1.763858987236746056e-01,-6.452160787268024222e-02,1.763873479751008333e-01,3.033790000000000098e-01
3.050000000000000266e+00,1.223301982601823878e+00,1.748300480269376345e-01,-6.486003030195819363e-02,1.211751094675637797e+00,1.786968244134042039e-01,-6.569817927464471907e-02,1.200000000000000178e+00,0.000000000000000000e+00,0.000000000000000000e+00,4.738280756459686827e-01,1.842208332039012991e-02,1.748300480269376345e-01,-6.486003030195819363e-02,1.763760983984990482e-01,3.457580000000000653e-01
3.100000000000000089e+00,1.245492309373878337e+00,1.734531740967361901e-01,-5.907784819252803743e-02,1.237370405389094152e+00,1.685789516427944890e-01,-5.459258521484722237e-02,1.225000000000000089e+00,0.000000000000000000e+00,0.000000000000000000e+00,4.724487457022926717e-01,-1.051658269626095862e-02,1.734531740967361901e-01,-5.907784819252803743e-02,1.746594925782948005e-01,3.077370000000000383e-01
3.150000000000000355e+00,1.267370823943497316e+00,1.721560912600078319e-01,-5.935490647223140570e-02,1.288657901654251203e+00,1.822357016245415018e-01,-7.472571176280284888e-02,1.300000000000000044e+00,0.000000000000000000e+00,0.000000000000000000e+00,5.252610099414468658e-01,4.796770067188046299e-02,1.721560912600078319e-01,-5.935490647223140570e-02,1.752209544776263117e-01,3.067060000000000342e-01
3.200000000000000178e+00,1.292659925846526781e+00,1.706616510389137309e-01,-5.869628174205709925e-02,1.284775565459643776e+00,1.641100447798631567e-01,-4.611185284362351311e-02,1.300000000000000044e+00,0.000000000000000000e+00,0.000000000000000000e+00,5.339077209338332075e-01,-3.680179917494209169e-02,1.706616510389137309e-01,-5.869628174205709925e-02,1.708194246094584257e-01,3.151810000000000445e-01
3.250000000000000000e+00,1.317554655683963682e+00,1.691369691461857838e-01,-6.364124399057358161e-02,1.334785118032078666e+00,1.696046190747890481e-01,-6.989579900426301506e-02,1.325000000000000178e+00,0.000000000000000000e+00,0.000000000000000000e+00,4.782066829340501091e-01,4.596190691062132516e-02,1.691369691461857838e-01,-6.364124399057358161e-02,1.693007604352152196e-01,3.085789999999999922e-01
3.300000000000000266e+00,1.339867858555070290e+00,1.677787420728034662e-01,-5.795073578777376611e-02,1.347051760674218723e+00,1.718671018801093409e-01,-4.238077239271920149e-02,1.350000000000000089e+00,0.000000000000000000e+00,0.000000000000000000e+00,5.065662872979453946e-01,-6.086477139320579238e-02,1.677787420728034662e-01,-5.795073578777376611e-02,1.680844031485145829e-01,3.064749999999999974e-01
3.350000000000000089e+00,1.363512524508023960e+00,1.663802627497337483e-01,-6.020293285290945207e-02,1.379340072083572233e+00,1.606789131680987082e-01,-5.345410744702228101e-02,1.375000000000000000e+00,0.000000000000000000e+00,0.000000000000000000e+00,4.903338334811235266e-01,-4.663355763175445687e-03,1.663802627497337483e-01,-6.020293285290945207e-02,1.667763590136479568e-01,3.163430000000000408e-01
3.400000000000000355e+00,1.386465107611315251e+00,1.649961785675117809e-01,-6.025498423659447766e-02,1.364228576577103613e+00,1.649336013332816375e-01,-7.238507551407291629e-02,1.375000000000000000e+00,0.000000000000000000e+00,0.000000000000000000e+00,5.239900110094465324e-01,6.136898112873818284e-02,1.649961785675117809e-01,-6.025498423659447766e-02,1.653940374814680814e-01,3.065849999999999964e-01
3.450000000000000178e+00,1.410086928323209587e+00,1.635643151483267277e-01,-6.082912580764388011e-02,1.406695787366102124e+00,1.773105365004956080e-01,-4.872469876709306646e-02,1.400000000000000133e+00,0.000000000000000000e+00,0.000000000000000000e+00,4.850872094377173815e-01,-4.390140065867878527e-02,1.635643151483267277e-01,-6.082912580764388011e-02,1.638750478655573439e-01,3.051920000000000188e-01
3.500000000000000000e+00,1.432983612607825252e+00,1.621099492927462749e-01,-6.603768365155593401e-02,1.428255705589210445e+00,1.555124079529738856e-01,-5.619224076544515611e-02,1.425000000000000044e+00,0.000000000000000000e+00,0.000000000000000000e+00,4.927489208552210398e-01,1.231991703486072509e-02,1.621099492927462749e-01,-6.603768365155593401e-02,1.623064192506525338e-01,3.170640000000000125e-01
3.550000000000000266e+00,1.456419769307482737e+00,1.605659837429163350e-01,-6.553147245779689101e-02,1.467789819100724813e+00,1.799134959159363056e-01,-6.473310637572060600e-02,1.475000000000000089e+00,0.000000000000000000e+00,0.000000000000000000e+00,5.160584456681130971e-01,1.321302069343068680e-02,1.605659837429163350e-01,-6.553147245779689101e-02,1.616374341169694306e-01,3.026670000000000194e-01
3.600000000000000089e+00,1.480870744500372593e+00,1.590149593275072271e-01,-6.116687256849440146e-02,1.479347973429604224e+00,1.657188151591550418e-01,-7.128347424668346477e-02,1.475000000000000089e+00,0.000000000000000000e+00,0.000000000000000000e+00,4.903162372003511127e-01,5.619909311984492423e-02,1.590149593275072271e-01,-6.116687256849440146e-02,1.591232947462986325e-01,3.024970000000000159e-01
3.650000000000000355e+00,1.503593557485432441e+00,1.576601236180415477e-01,-5.794105750811784361e-02,1.507881808344270214e+00,1.754353899324370691e-01,-4.275498012325762431e-02,1.500000000000000000e+00,0.000000000000000000e+00,0.000000000000000000e+00,4.824457093105891103e-01,-6.403796190085798978e-02,1.576601236180415477e-01,-5.794105750811784361e-02,1.577010723953938542e-01,3.170339999999999825e-01
3.700000000000000178e+00,1.526794805054839443e+00,1.562674816978890102e-01,-6.196395968818002586e-02,1.534870006593416880e+00,1.517513370770384729e-01,-3.808229036059351813e-02,1.525000000000000133e+00,0.000000000000000000e+00,0.000000000000000000e+00,4.780176116772590356e-01,-5.124475366401583243e-02,1.562674816978890102e-01,-6.196395968818002586e-02,1.562777884453992183e-01,3.107530000000000570e-01
3.750000000000000000e+00,1.549122937773052655e+00,1.548911143590422090e-01,-6.116572611554715877e-02,1.537782634628994671e+00,1.359094530787134658e-01,-5.670881940827410261e-02,1.550000000000000044e+00,0.000000000000000000e+00,0.000000000000000000e+00,5.272103972903730007e-01,3.947020042960430047e-02,1.548911143590422090e-01,-6.116572611554715877e-02,1.548935974969134488e-01,3.083090000000000552e-01
3.800000000000000266e+00,1.574278689425537392e+00,1.533759723308234235e-01,-5.914980755905485665e-02,1.555298573101054682e+00,1.667216945107792003e-01,-6.811328164671337504e-02,1.550000000000000044e+00,0.000000000000000000e+00,0.000000000000000000e+00,4.881990723749729533e-01,4.293827260814761515e-02,1.533759723308234235e-01,-5.914980755905485665e-02,1.552856839784247933e-01,3.124959999999999960e-01
3.850000000000000089e+00,1.598041743593003439e+00,1.520135216855182381e-01,-5.539444700557760726e-02,1.604113074134611683e+00,1.554700529910113260e-01,-4.661961627562272170e-02,1.600000000000000089e+00,0.000000000000000000e+00,0.000000000000000000e+00,4.908393982240241149e-01,-2.377745070770189567e-02,1.520135216855182381e-01,-5.539444700557760726e-02,1.520261344091504152e-01,3.064150000000000484e-01
3.900000000000000355e+00,1.620570001848397723e+00,1.507756061586697505e-01,-5.439405300838195956e-02,1.615404780162020382e+00,1.267188711958454339e-01,-5.310217963094654436e-02,1.625000000000000000e+00,0.000000000000000000e+00,0.000000000000000000e+00,5.213703815701579147e-01,3.766325338074571344e-02,1.507756061586697505e-01,-5.439405300838195956e-02,1.508406718897045140e-01,3.139680000000000248e-01
3.950000000000000178e+00,1.644841497284473819e+00,1.494775522278278812e-01,-5.246532864594000145e-02,1.615631482498883997e+00,1.680094146018661361e-01,-4.501135020561353173e-02,1.625000000000000000e+00,0.000000000000000000e+00,0.000000000000000000e+00,5.208654771627652114e-01,-4.596978900708214438e-02,1.494775522278278812e-01,-5.246532864594000145e-02,1.507886721027570931e-01,3.127770000000000272e-01
4.000000000000000000e+00,1.669506602728573652e+00,1.481529754260892673e-01,-5.483651638503328485e-02,1.640702880865654301e+00,1.529998024418121050e-01,-5.895844314641118800e-02,1.650000000000000133e+00,0.000000000000000000e+00,0.000000000000000000e+00,5.207064593133505781e-01,2.599750423464815621e-02,1.481529754260892673e-01,-5.483651638503328485e-02,1.494316287725386549e-01,3.056640000000000468e-01
4.049999999999999822e+00,1.693656753688884464e+00,1.467739780975748642e-01,-5.924156996433849187e-02,1.716829864342740875e+00,1.576321167034139270e-01,-5.949484884881739433e-02,1.725000000000000089e+00,0.000000000000000000e+00,0.000000000000000000e+00,5.181964523269589895e-01,2.207115275472319380e-02,1.467739780975748642e-01,-5.924156996433849187e-02,1.500833093182138145e-01,3.118449999999999833e-01
4.100000000000000533e+00,1.718372905330412870e+00,1.452938495152886200e-01,-6.038571219120525413e-02,1.725420863548802641e+00,1.436690438587313878e-01,-6.080888336813350392e-02,1.725000000000000089e+00,0.000000000000000000e+00,0.000000000000000000e+00,4.990626595959310463e-01,4.498287985504302589e-02,1.452938495152886200e-01,-6.038571219120525413e-02,1.454449074073444759e-01,3.144700000000000273e-01
4.150000000000000355e+00,1.742093866933752233e+00,1.439126206412167375e-01,-5.593933698665320975e-02,1.754403627534640187e+00,1.590190448537858181e-01,-6.110153360859138516e-02,1.750000000000000000e+00,0.000000000000000000e+00,0.000000000000000000e+00,4.901922821769404970e-01,2.635729111731916624e-02,1.439126206412167375e-01,-5.593933698665320975e-02,1.441296267943686094e-01,3.095400000000000373e-01
4.200000000000000178e+00,1.764649878847241338e+00,1.426090703041631713e-01,-5.951564760906835616e-02,1.781768713219769262e+00,1.078097901393097607e-01,-6.074118017923968438e-02,1.775000000000000133e+00,0.000000000000000000e+00,0.000000000000000000e+00,4.849247842438226819e-01,9.082300075768373615e-02,1.426090703041631713e-01,-5.951564760906835616e-02,1.429841667489605006e-01,3.157220000000000026e-01
4.250000000000000000e+00,1.787987170116776880e+00,1.412676248680851676e-01,-5.531952727335864850e-02,1.777639281509240554e+00,1.419113450830622458e-01,-5.690234782442127326e-02,1.775000000000000133e+00,0.000000000000000000e+00,0.000000000000000000e+00,4.941218147207274702e-01,3.249095019745280172e-02,1.412676248680851676e-01,-5.531952727335864850e-02,1.418633441855652044e-01,3.104320000000000412e-01
4.299999999999999822e+00,1.811909622424708211e+00,1.399575031464895258e-01,-5.410188695852147234e-02,1.781006898934491156e+00,1.386020365304735935e-01,-5.088110752038987883e-02,1.775000000000000133e+00,0.000000000000000000e+00,0.000000000000000000e+00,4.866214904583734957e-01,1.400109954293008580e-02,1.399575031464895258e-01,-5.410188695852147234e-02,1.447426091879448484e-01,3.008939999999999948e-01
4.350000000000000533e+00,1.834187956895558802e+00,1.387559321531937895e-01,-5.366271532132316224e-02,1.835665142068818589e+00,1.326980622924774367e-01,-2.797992268865368004e-02,1.825000000000000178e+00,0.000000000000000000e+00,0.000000000000000000e+00,4.762466941227034845e-01,-6.490472031295337063e-02,1.387559321531937895e-01,-5.366271532132316224e-02,1.390597974240447565e-01,3.217130000000000267e-01
4.400000000000000355e+00,1.857213352830517694e+00,1.374910606935632884e-01,-5.609447803428757595e-02,1.850288285747454076e+00,1.404094881982801413e-01,-3.989384062232659289e-02,1.850000000000000089e+00,0.000000000000000000e+00,0.000000000000000000e+00,4.993579288948650219e-01,-2.982230953146393360e-02,1.374910606935632884e-01,-5.609447803428757595e-02,1.376801519090483927e-01,3.066849999999999854e-01
4.450000000000000178e+00,1.881295170776746684e+00,1.361454186402036581e-01,-5.554527904131534299e-02,1.892293437481657126e+00,1.293694333646564498e-01,-6.837354699861108998e-02,1.900000000000000133e+00,0.000000000000000000e+00,0.000000000000000000e+00,5.171639831840775248e-01,9.193413033061018091e-02,1.361454186402036581e-01,-5.554527904131534299e-02,1.374243270057648458e-01,2.998220000000000329e-01
4.500000000000000000e+00,1.905807593329185812e+00,1.348130977158863708e-01,-5.305363607631585765e-02,1.879292938568292604e+00,1.569301183248772991e-01,-5.508878166252850761e-02,1.900000000000000133e+00,0.000000000000000000e+00,0.000000000000000000e+00,5.461185744887824267e-01,6.334826162470846671e-03,1.348130977158863708e-01,-5.305363607631585765e-02,1.349381319569465942e-01,3.084080000000000155e-01
4.549999999999999822e+00,1.931065565223883063e+00,1.334514550233716623e-01,-5.466094315678837745e-02,1.919805604285761191e+00,1.343301602085801572e-01,-5.572555415203117590e-02,1.925000000000000044e+00,0.000000000000000000e+00,0.000000000000000000e+00,5.115689164943653111e-01,3.778818212232767232e-02,1.334514550233716623e-01,-5.466094315678837745e-02,1.335892283432319472e-01,3.066550000000000109e-01
4.600000000000000533e+00,1.954131905030068062e+00,1.321687328439085929e-01,-5.644488214508847079e-02,1.937605515629494235e+00,1.310832203450404687e-01,-3.109265393147486733e-02,1.950000000000000178e+00,0.000000000000000000e+00,0.000000000000000000e+00,5.276048804355140120e-01,-5.107175976049490446e-02,1.321687328439085929e-01,-5.644488214508847079e-02,1.322333035991386796e-01,3.009540000000000548e-01
4.650000000000000355e+00,1.978665963940388295e+00,1.306964536945752764e-01,-6.343056634182575593e-02,1.979824817614310950e+00,1.461197183221015217e-01,-5.671410898741413575e-02,1.975000000000000089e+00,0.000000000000000000e+00,0.000000000000000000e+00,4.892542161858365879e-01,2.636573249419951054e-02,1.306964536945752764e-01,-6.343056634182575593e-02,1.307478577260464681e-01,3.096610000000000196e-01
4.700000000000000178e+00,2.001796235133487922e+00,1.292656696654478354e-01,-6.012728504940678675e-02,1.999558397719166436e+00,1.395219980958048722e-01,-6.476348270125820150e-02,2.000000000000000000e+00,0.000000000000000000e+00,0.000000000000000000e+00,5.009835307073338129e-01,6.525012587277985443e-02,1.292656696654478354e-01,-6.012728504940678675e-02,1.292781490226072860e-01,3.051130000000000231e-01
4.750000000000000000e+00,2.025947935388880072e+00,1.278477288507275655e-01,-5.715762852477190847e-02,2.047148919457690397e+00,1.517814677838854598e-01,-6.579065390696436921e-02,2.050000000000000266e+00,0.000000000000000000e+00,0.000000000000000000e+00,5.063498998259674533e-01,5.337177589619390705e-02,1.278477288507275655e-01,-5.715762852477190847e-02,1.300905207320912360e-01,2.993819999999999815e-01
4.800000000000000711e+00,2.049314945539228106e+00,1.265135588095322450e-01,-5.691114354400950148e-02,2.053698494683136477e+00,1.275036467787863392e-01,-4.950584025175608360e-02,2.050000000000000266e+00,0.000000000000000000e+00,0.000000000000000000e+00,4.917627485758576111e-01,2.307383781035040118e-02,1.265135588095322450e-01,-5.691114354400950148e-02,1.265154135363244781e-01,3.105120000000000657e-01
4.850000000000000533e+00,2.072939939480791693e+00,1.251721614304066310e-01,-5.652454133699524874e-02,2.084415381016660351e+00,1.281914968404654354e-01,-5.097716731227786013e-02,2.075000000000000178e+00,0.000000000000000000e+00,0.000000000000000000e+00,4.790301509643480338e-01,2.774632218941376627e-02,1.251721614304066310e-01,-5.652454133699524874e-02,1.251891123321136889e-01,3.007440000000000113e-01
4.900000000000000355e+00,2.095783489393296062e+00,1.239210838736419656e-01,-5.290056646497109938e-02,2.102141203945620429e+00,1.434026854160920239e-01,-4.670141287212725700e-02,2.100000000000000089e+00,0.000000000000000000e+00,0.000000000000000000e+00,4.952311274228387017e-01,-7.955929100394614970e-03,1.239210838736419656e-01,-5.290056646497109938e-02,1.239927981380961330e-01,3.042600000000000304e-01
4.950000000000000178e+00,2.119090078663241616e+00,1.227161988078755428e-01,-5.040184112974799291e-02,2.115349982052640243e+00,1.159088046781462655e-01,-5.646228703518563208e-02,2.125000000000000000e+00,0.000000000000000000e+00,0.000000000000000000e+00,5.214924281064688971e-01,6.425058848147485735e-02,1.227161988078755428e-01,-5.040184112974799291e-02,1.228584251081736162e-01,3.179160000000000319e-01
5.000000000000000000e+00,2.143569250035913143e+00,1.214914932368945932e-01,-4.957582969230101000e-02,2.151872218917032509e+00,1.341832268164212250e-01,-2.793456815119732539e-02,2.149999999999999911e+00,0.000000000000000000e+00,0.000000000000000000e+00,4.958302151499909827e-01,-6.698320295514499645e-02,1.214914932368945932e-01,-4.957582969230101000e-02,1.216615694212063309e-01,4.043280000000000207e-01
5.050000000000000711e+00,2.166645071048170834e+00,1.203046030451030701e-01,-5.320233039533528441e-02,2.169371368266378219e+00,9.612037516137650339e-02,-6.589845718926801155e-02,2.175000000000000266e+00,0.000000000000000000e+00,0.000000000000000000e+00,5.125360347912185643e-01,8.301679704485502576e-02,1.203046030451030701e-01,-5.320233039533528441e-02,1.205943711440543992e-01,3.257110000000000283e-01
5.100000000000000533e+00,2.190701321286296022e+00,1.190900674966003103e-01,-4.768664223575980188e-02,2.189964535696325765e+00,9.775151533187451114e-02,-4.421305246194373595e-02,2.200000000000000178e+00,0.000000000000000000e+00,0.000000000000000000e+00,5.223508933681083599e-01,4.133224270057959254e-02,1.190900674966003103e-01,-4.768664223575980188e-02,1.194525412126737213e-01,3.413800000000000168e-01
5.150000000000000355e+00,2.215256999465307075e+00,1.179313536011479813e-01,-4.661782161135130664e-02,2.218165161621856285e+00,9.357934079883048484e-02,-3.337341188487430443e-02,2.225000000000000089e+00,0.000000000000000000e+00,0.000000000000000000e+00,5.152224910965432780e-01,5.753122763734173396e-03,1.179313536011479813e-01,-4.661782161135130664e-02,1.183331323916426564e-01,3.420019999999999727e-01
5.200000000000000178e+00,2.239947156410534213e+00,1.167615301060572069e-01,-4.807167785547861172e-02,2.233035633502331585e+00,1.322735620060628559e-01,-4.675137652775562813e-02,2.225000000000000089e+00,0.000000000000000000e+00,0.000000000000000000e+00,4.821031153656334389e-01,6.539004334497056092e-03,1.167615301060572069e-01,-4.807167785547861172e-02,1.177143678463622167e-01,3.426529999999999854e-01
5.250000000000000000e+00,2.262229004923314246e+00,1.157071249637611765e-01,-4.650029212650252930e-02,2.261904445461925928e+00,1.036481987345429373e-01,-5.212384072790010592e-02,2.250000000000000000e+00,0.000000000000000000e+00,0.000000000000000000e+00,4.734865285804780721e-01,6.362607297486462532e-02,1.157071249637611765e-01,-4.650029212650252930e-02,1.163515677968882805e-01,3.453880000000000283e-01
5.300000000000000711e+00,2.284369971153433987e+00,1.147058502690000009e-01,-4.388356498489720536e-02,2.274767042941672202e+00,1.358669417206542496e-01,-4.022935785218439975e-02,2.274999999999999911e+00,0.000000000000000000e+00,0.000000000000000000e+00,5.005188355083834972e-01,-2.271152377157547100e-02,1.147058502690000009e-01,-4.388356498489720536e-02,1.150879161569555720e-01,3.397670000000000412e-01
5.350000000000000533e+00,2.307755358732211715e+00,1.136136410171267180e-01,-4.945815343122150765e-02,2.282525421577070723e+00,1.195817599482130872e-01,-5.595174065808672381e-02,2.274999999999999911e+00,0.000000000000000000e+00,0.000000000000000000e+00,4.832394521904905260e-01,5.760062596903060134e-02,1.136136410171267180e-01,-4.945815343122150765e-02,1.182411643669175894e-01,3.470410000000000439e-01
5.400000000000000355e+00,2.329718121689715815e+00,1.125689909444462650e-01,-4.559940739944279287e-02,2.312281769609219495e+00,1.277012916119240615e-01,-6.977780659725585366e-02,2.300000000000000266e+00,0.000000000000000000e+00,0.000000000000000000e+00,4.726461559840224869e-01,9.938511894044324557e-02,1.125689909444462650e-01,-4.559940739944279287e-02,1.164257036870104817e-01,3.403780000000000139e-01
5.450000000000000178e+00,2.351687184008610210e+00,1.116332892867312049e-01,-3.953271637808652983e-02,2.338083083636271819e+00,1.264092308780396801e-01,-3.018110254178729690e-02,2.350000000000000089e+00,0.000000000000000000e+00,0.000000000000000000e+00,5.265412392361867866e-01,-4.850442735074999429e-02,1.116332892867312049e-01,-3.953271637808652983e-02,1.116460382944864105e-01,3.435940000000000105e-01
5.500000000000000000e+00,2.376254250377522137e+00,1.106316177890350194e-01,-4.196801840501862557e-02,2.382369355355664631e+00,1.053832976293123114e-01,-3.519241482934054588e-02,2.375000000000000000e+00,0.000000000000000000e+00,0.000000000000000000e+00,4.835870455793864764e-01,-2.553492782522853461e-03,1.106316177890350194e-01,-4.196801840501862557e-02,1.106387273906774688e-01,3.510180000000000522e-01
5.550000000000000711e+00,2.400544796111447443e+00,1.096410914340499865e-01,-3.954335438074574327e-02,2.407559385831159915e+00,1.155240836868356852e-01,-4.751840707383481188e-02,2.400000000000000355e+00,0.000000000000000000e+00,0.000000000000000000e+00,4.831638046086164651e-01,3.096630517835141302e-02,1.096410914340499865e-01,-3.954335438074574327e-02,1.096424449456174649e-01,3.353889999999999927e-01
5.600000000000000533e+00,2.423152144275593667e+00,1.087174939965878662e-01,-4.211895337995352762e-02,2.415477869947665113e+00,9.968033835065494286e-02,-5.372340486825555317e-02,2.425000000000000266e+00,0.000000000000000000e+00,0.000000000000000000e+00,5.212075954584298731e-01,7.476902061727314086e-02,1.087174939965878662e-01,-4.211895337995352762e-02,1.087331967325358278e-01,3.421110000000000539e-01
5.650000000000000355e+00,2.448116060958309692e+00,1.077782715026967958e-01,-3.309197795400997677e-02,2.445289798609132870e+00,9.705727583817309878e-02,-3.481695510374960278e-02,2.450000000000000178e+00,0.000000000000000000e+00,0.000000000000000000e+00,5.104905194727326068e-01,6.735343212186517894e-03,1.077782715026967958e-01,-3.309197795400997677e-02,1.077947356526367251e-01,3.420509999999999939e-01
5.700000000000000178e+00,2.472039712915937493e+00,1.070146021308616968e-01,-3.072855827555098784e-02,2.467900447164911970e+00,7.897432761441335047e-02,-3.730597317109607403e-02,2.475000000000000089e+00,0.000000000000000000e+00,0.000000000000000000e+00,5.158120587336455509e-01,3.937911289027395956e-02,1.070146021308616968e-01,-3.072855827555098784e-02,1.070555387116738366e-01,3.342860000000000276e-01
5.750000000000000000e+00,2.496531549059407329e+00,1.062564422390508967e-01,-3.116291099245094287e-02,2.492992966137840938e+00,9.964000200412215236e-02,-2.928928830426347218e-02,2.500000000000000000e+00,0.000000000000000000e+00,0.000000000000000000e+00,5.156060022041231150e-01,-1.746245260556558015e-02,1.062564422390508967e-01,-3.116291099245094287e-02,1.063130362148878572e-01,3.423019999999999952e-01
5.800000000000000711e+00,2.521408438872355440e+00,1.054757066699710810e-01,-3.158443378346653674e-02,2.482530314946203465e+00,1.043211844517827475e-01,-3.168627968302573095e-02,2.500000000000000000e+00,0.000000000000000000e+00,0.000000000000000000e+00,5.389083201324492700e-01,-1.442890393447499552e-02,1.054757066699710810e-01,-3.158443378346653674e-02,1.076264184690783193e-01,3.360210000000000141e-01
5.850000000000000533e+00,2.546943929668207485e+00,1.046727762020661923e-01,-3.128226498425767943e-02,2.562476947833658425e+00,9.331786621533136317e-02,-9.985007643968923929e-03,2.550000000000000266e+00,0.000000000000000000e+00,0.000000000000000000e+00,4.722114658142679278e-01,-8.224736480354298551e-02,1.046727762020661923e-01,-3.128226498425767943e-02,1.047173798551162133e-01,3.315410000000000301e-01
5.900000000000000355e+00,2.569455132944526987e+00,1.039340377745145705e-01,-3.432714753749754877e-02,2.563335770180279471e+00,1.026020516043439079e-01,-2.995644841280098447e-02,2.575000000000000178e+00,0.000000000000000000e+00,0.000000000000000000e+00,5.259784580811395216e-01,-1.875406332700239181e-02,1.039340377745145705e-01,-3.432714753749754877e-02,1.040818416380931144e-01,3.400170000000000137e-01
5.950000000000000178e+00,2.593507931465069305e+00,1.031359161846293615e-01,-3.201264728860753195e-02,2.603944530029633331e+00,1.166693703094901502e-01,-2.694384691986773106e-02,2.600000000000000089e+00,0.000000000000000000e+00,0.000000000000000000e+00,4.912147841232017420e-01,-4.821367412986499873e-02,1.031359161846293615e-01,-3.201264728860753195e-02,1.033400414220215502e-01,3.221749999999999892e-01
6.000000000000000000e+00,2.616095218802892308e+00,1.024309435844688310e-01,-3.038916413572234632e-02,2.606486755274803002e+00,8.392231259270807597e-02,-3.385683986126775125e-02,2.600000000000000089e+00,0.000000000000000000e+00,0.000000000000000000e+00,4.855527584810358510e-01,1.998974429286706767e-02,1.024309435844688310e-01,-3.038916413572234632e-02,1.036877730106959689e-01,3.275440000000000573e-01
6.050000000000000711e+00,2.639357296535036035e+00,1.016815008113423763e-01,-3.402327969754548320e-02,2.628639299227868875e+00,1.111266220355584811e-01,-2.993703023984917166e-02,2.625000000000000000e+00,0.000000000000000000e+00,0.000000000000000000e+00,4.918945847991889053e-01,-2.978230325353872776e-02,1.016815008113423763e-01,-3.402327969754548320e-02,1.026901142809860668e-01,3.281050000000000355e-01
6.100000000000000533e+00,2.662204961997649999e+00,1.008235546206570910e-01,-4.104288249856136161e-02,2.650433041178546389e+00,8.785872981342800203e-02,-4.618126861759197510e-02,2.650000000000000355e+00,0.000000000000000000e+00,0.000000000000000000e+00,4.990355334751793714e-01,6.147799188230077677e-02,1.008235546206570910e-01,-4.104288249856136161e-02,1.015595897180994744e-01,3.206010000000000248e-01
6.150000000000000355e+00,2.685850359044437585e+00,9.991885434929623222e-02,-3.544212542636548946e-02,2.697681354327011505e+00,1.017552204272851590e-01,-3.782663699202215568e-02,2.700000000000000178e+00,0.000000000000000000e+00,0.000000000000000000e+00,5.051640655990122797e-01,1.206336368940416973e-02,9.991885434929623222e-02,-3.544212542636548946e-02,1.009157559236772972e-01,9.351639999999999953e-01
6.200000000000000178e+00,2.709883927835273099e+00,9.904935923001947917e-02,-3.688305202496033885e-02,2.705604554139948714e+00,6.837959743466535956e-02,-3.336378161592223890e-02,2.700000000000000178e+00,0.000000000000000000e+00,0.000000000000000000e+00,4.875175907575910461e-01,3.810916052811403471e-02,9.904935923001947917e-02,-3.688305202496033885e-02,9.954128587340194123e-02,3.328840000000000132e-01
6.250000000000000000e+00,2.733172652518006895e+00,9.819904992984862524e-02,-3.610778494227240287e-02,2.719671837523531810e+00,9.259295077576355781e-02,-4.189922140007862339e-02,2.725000000000000089e+00,0.000000000000000000e+00,0.000000000000000000e+00,5.118668311649383629e-01,3.922250006245105863e-02,9.819904992984862524e-02,-3.610778494227240287e-02,9.853854908767931131e-02,3.204810000000000159e-01
6.300000000000000711e+00,2.757498421075607276e+00,9.734466558968694894e-02,-3.410855998975659276e-02,2.746941165522404305e+00,1.120649957625055315e-01,-2.912457758247866124e-02,2.750000000000000000e+00,0.000000000000000000e+00,0.000000000000000000e+00,5.068126091749871609e-01,-3.405672079532867658e-02,9.734466558968694894e-02,-3.410855998975659276e-02,9.763303865697868511e-02,3.172950000000000492e-01
6.350000000000000533e+00,2.780742504046325170e+00,9.651745339739881135e-02,-3.703756644400346687e-02,2.772131307460443228e+00,1.024993422555346978e-01,-4.396949988991183389e-02,2.775000000000000355e+00,0.000000000000000000e+00,0.000000000000000000e+00,5.063891260349434598e-01,3.430433260172716797e-02,9.651745339739881135e-02,-3.703756644400346687e-02,9.668813351720627336e-02,3.232360000000000233e-01
6.400000000000000355e+00,2.804395269995143991e+00,9.561507074679281848e-02,-3.922795134656720251e-02,2.790924629713587901e+00,1.321656348073062259e-01,-1.115491835580728619e-02,2.800000000000000266e+00,0.000000000000000000e+00,0.000000000000000000e+00,5.202125800506810505e-01,-1.156956673982728612e-01,9.561507074679281848e-02,-3.922795134656720251e-02,9.571603915877634206e-02,3.228650000000000131e-01
6.450000000000000178e+00,2.829288864618163757e+00,9.449969102221036921e-02,-5.032393852944316848e-02,2.816097069321362500e+00,1.025075159130487690e-01,-4.845207697340381259e-02,2.825000000000000178e+00,0.000000000000000000e+00,0.000000000000000000e+00,5.198285264014055329e-01,3.430433260172716103e-02,9.449969102221036921e-02,-5.032393852944316848e-02,9.459696592917853086e-02,3.182869999999999866e-01
6.500000000000000000e+00,2.854486591907927640e+00,9.319120232133731863e-02,-5.344053407102133946e-02,2.873834728962250562e+00,9.652044506793240608e-02,-3.107246308103395194e-02,2.875000000000000000e+00,0.000000000000000000e+00,0.000000000000000000e+00,5.025952838349758700e-01,-6.717758890861415776e-03,9.319120232133731863e-02,-5.344053407102133946e-02,9.542222016725625255e-02,3.372330000000000605e-01
6.550000000000000711e+00,2.877716919874229173e+00,9.189153836125625585e-02,-5.833666493396316710e-02,2.877216756901029182e+00,7.193324120840741132e-02,-5.190712707060951558e-02,2.875000000000000000e+00,0.000000000000000000e+00,0.000000000000000000e+00,4.950628603735908739e-01,1.035763996006367760e-01,9.189153836125625585e-02,-5.833666493396316710e-02,9.193169462161138172e-02,3.164530000000000398e-01
6.600000000000000533e+00,2.900387562989019230e+00,9.065125878584168184e-02,-5.097160544192869125e-02,2.903683310218479363e+00,9.220641206308831384e-02,-7.725512792120170502e-02,2.900000000000000355e+00,0.000000000000000000e+00,0.000000000000000000e+00,4.917965654617827975e-01,1.732556858277473355e-01,9.065125878584168184e-02,-5.097160544192869125e-02,9.065208725963289083e-02,3.150709999999999900e-01
6.650000000000000355e+00,2.922270888395891664e+00,8.962189474528675648e-02,-4.303657866198706827e-02,2.944749129632119988e+00,9.608860609511046813e-02,-4.181348035665388707e-02,2.950000000000000178e+00,0.000000000000000000e+00,0.000000000000000000e+00,5.116946875967024466e-01,3.440843910060337879e-02,8.962189474528675648e-02,-4.303657866198706827e-02,9.381357923077214556e-02,3.242579999999999907e-01
6.700000000000000178e+00,2.945884385494176527e+00,8.858389772643468496e-02,-4.482243004524333330e-02,2.958285890993714862e+00,7.122218911431169031e-02,-5.037411808569425276e-02,2.950000000000000178e+00,0.000000000000000000e+00,0.000000000000000000e+00,4.815457436775321121e-01,9.870164006259486700e-02,8.858389772643468496e-02,-4.482243004524333330e-02,8.867945206849209283e-02,3.158730000000000704e-01
6.750000000000000000e+00,2.968565181195244040e+00,8.763662267866710598e-02,-3.866007563010409598e-02,2.979147098484425715e+00,1.179473333895614817e-01,-1.457574881752998763e-02,2.975000000000000089e+00,0.000000000000000000e+00,0.000000000000000000e+00,4.907636184461502404e-01,-5.129835993740515521e-02,8.763662267866710598e-02,-3.866007563010409598e-02,8.787254706433125784e-02,3.152610000000000134e-01
6.800000000000000711e+00,2.991660881499672353e+00,8.674668714422956173e-02,-3.836685745508860990e-02,3.006476068118663747e+00,6.847919327928062017e-02,-4.415726998120561575e-02,3.000000000000000000e+00,0.000000000000000000e+00,0.000000000000000000e+00,4.855765607419290641e-01,7.874324110032811241e-02,8.674668714422956173e-02,-3.836685745508860990e-02,8.714659274958114210e-02,3.253910000000000413e-01
6.850000000000000533e+00,3.014736121568978966e+00,8.589531303816982932e-02,-3.539082379704661108e-02,3.019741593092212462e+00,1.022412867798547231e-01,-3.150315675893988754e-02,3.025000000000000355e+00,0.000000000000000000e+00,0.000000000000000000e+00,5.117114719095676723e-01,-1.244346761930762921e-02,8.589531303816982932e-02,-3.539082379704661108e-02,8.650636972137933089e-02,3.128070000000000017e-01
6.900000000000000355e+00,3.039092192972214335e+00,8.497655517310905016e-02,-4.001726984412279364e-02,3.051333726423961501e+00,9.776471692975199912e-02,-4.797709571793351557e-02,3.050000000000000266e+00,0.000000000000000000e+00,0.000000000000000000e+00,4.970295389780828854e-01,5.552750544033414892e-02,8.497655517310905016e-02,-4.001726984412279364e-02,8.567377185138905227e-02,3.134680000000000244e-01
6.950000000000000178e+00,3.062620643736531978e+00,8.407107119841372711e-02,-3.691404645359463998e-02,3.075887364730609974e+00,5.615975996413290205e-02,-4.248762842431474951e-02,3.075000000000000178e+00,0.000000000000000000e+00,0.000000000000000000e+00,4.980236691726975251e-01,8.827817955104097503e-02,8.407107119841372711e-02,-3.691404645359463998e-02,8.497760572025207793e-02,3.284260000000000512e-01
7.000000000000000000e+00,3.085755047993720801e+00,8.330080144598105141e-02,-2.965220669205193005e-02,3.106269678028556580e+00,9.569003714168564101e-02,-5.236491978098190003e-02,3.100000000000000089e+00,0.000000000000000000e+00,0.000000000000000000e+00,4.860362319666838848e-01,7.477055307909835635e-02,8.330080144598105141e-02,-2.965220669205193005e-02,8.451001230152531407e-02,3.125260000000000260e-01
7.050000000000000711e+00,3.108240416676270712e+00,8.261956386026297894e-02,-3.092311881782849881e-02,3.082487523895150350e+00,7.347429633251474634e-02,-2.966382278244328319e-02,3.100000000000000089e+00,0.000000000000000000e+00,0.000000000000000000e+00,5.390036192144743721e-01,1.758778502113022071e-02,8.261956386026297894e-02,-3.092311881782849881e-02,8.302949355174119028e-02,3.124060000000000170e-01
7.100000000000000533e+00,3.132914464608446803e+00,8.183424136228212298e-02,-3.271114828046117751e-02,3.118140575798077574e+00,8.374155746951979229e-02,-2.353739854240144425e-02,3.125000000000000000e+00,0.000000000000000000e+00,0.000000000000000000e+00,5.152772510822114516e-01,-1.875020678725911744e-02,8.183424136228212298e-02,-3.271114828046117751e-02,8.221606782970469762e-02,3.178660000000000374e-01
7.150000000000000355e+00,3.157512966141769795e+00,8.103134701231996806e-02,-3.254562397537474894e-02,3.150493208088502417e+00,6.268752502573197993e-02,-3.277333409468274894e-02,3.150000000000000355e+00,0.000000000000000000e+00,0.000000000000000000e+00,4.989015340518497266e-01,4.319559575657937883e-02,8.103134701231996806e-02,-3.254562397537474894e-02,8.137889074494927821e-02,3.093900000000000539e-01
7.200000000000000178e+00,3.180784186384843171e+00,8.032961562097391817e-02,-2.774505326523479809e-02,3.190773183490022813e+00,4.982668516169649897e-02,-5.029791109043069142e-02,3.200000000000000178e+00,0.000000000000000000e+00,0.000000000000000000e+00,5.205498784490846242e-01,1.259179415825824322e-01,8.032961562097391817e-02,-2.774505326523479809e-02,8.259597229106192817e-02,3.194190000000000640e-01
7.250000000000000000e+00,3.204919870746856247e+00,7.976143947637115428e-02,-1.932808662761376084e-02,3.211209895218749555e+00,5.720399786824171412e-02,-3.097507769622565021e-02,3.200000000000000178e+00,0.000000000000000000e+00,0.000000000000000000e+00,4.750334304919364148e-01,4.345756823498801019e-02,7.976143947637115428e-02,-1.932808662761376084e-02,7.991302994824178718e-02,3.180660000000000154e-01
7.300000000000000711e+00,3.226920092842947341e+00,7.938058368378837770e-02,-1.529135966661065993e-02,3.236327869356788511e+00,7.953811557761103490e-02,-1.371125809505269189e-03,3.225000000000000089e+00,0.000000000000000000e+00,0.000000000000000000e+00,4.747706723047202537e-01,-9.706478024569376029e-02,7.938058368378837770e-02,-1.529135966661065993e-02,7.940380231767535379e-02,3.121960000000000290e-01
7.350000000000000533e+00,3.250071703877138063e+00,7.900513100648337561e-02,-1.714005669127338649e-02,3.235397633107119475e+00,8.704851368798127709e-02,-1.416208719666389726e-02,3.225000000000000089e+00,0.000000000000000000e+00,0.000000000000000000e+00,4.768424856559417280e-01,-5.841386717553526120e-02,7.900513100648337561e-02,-1.714005669127338649e-02,8.288788247177325541e-02,3.206809999999999938e-01
7.400000000000000355e+00,3.272224859780017425e+00,7.856868332837020630e-02,-2.225760068565607597e-02,3.262865419216558038e+00,6.075450222055286259e-02,-1.193499649007101482e-02,3.275000000000000355e+00,0.000000000000000000e+00,0.000000000000000000e+00,5.270260200499928827e-01,-3.302438756902711242e-02,7.856868332837020630e-02,-2.225760068565607597e-02,7.861767869375364814e-02,3.181559999999999944e-01
7.450000000000000178e+00,3.297154244644049381e+00,7.797293608649191743e-02,-2.552808488019975286e-02,3.275014747170711615e+00,5.524731624109718853e-02,-3.367132171685716102e-02,3.275000000000000355e+00,0.000000000000000000e+00,0.000000000000000000e+00,4.999671595755117437e-01,5.615139747359049194e-02,7.797293608649191743e-02,-2.552808488019975286e-02,8.105917170620810519e-02,3.092799999999999994e-01
7.500000000000000000e+00,3.319823044219366803e+00,7.745744169878733543e-02,-1.994459717938878995e-02,3.315422110299754976e+00,7.108379168356578071e-02,-1.725752279283421231e-02,3.325000000000000178e+00,0.000000000000000000e+00,0.000000000000000000e+00,5.213317855150709779e-01,-2.619586319341878772e-02,7.745744169878733543e-02,-1.994459717938878995e-02,7.763025277348820086e-02,3.177159999999999984e-01
7.550000000000000711e+00,3.344047903979466163e+00,7.694666590559773311e-02,-2.221871166357969329e-02,3.374619958278759047e+00,7.193025203836074521e-02,9.638286765160319902e-03,3.375000000000000000e+00,0.000000000000000000e+00,0.000000000000000000e+00,5.008464287553252570e-01,-1.288685240808297161e-01,7.694666590559773311e-02,-2.221871166357969329e-02,8.293866192585953867e-02,3.141289999999999916e-01
7.600000000000000533e+00,3.368147043016491704e+00,7.629120306407219387e-02,-3.216508046987076597e-02,3.357126492933626860e+00,8.415061856859309963e-02,-4.832405467055300718e-02,3.375000000000000000e+00,0.000000000000000000e+00,0.000000000000000000e+00,5.398077063391837349e-01,2.113147591917030610e-02,7.629120306407219387e-02,-3.216508046987076597e-02,7.659837259616755767e-02,3.074660000000000171e-01
7.650000000000000355e+00,3.393773657506165442e+00,7.545874082553885587e-02,-3.278065096301618908e-02,3.373081357465930630e+00,1.226760600741686608e-01,-1.875756004036599478e-02,3.375000000000000000e+00,0.000000000000000000e+00,0.000000000000000000e+00,5.042731889239864262e-01,-8.685049772601982632e-02,7.545874082553885587e-02,-3.278065096301618908e-02,7.775906238590230002e-02,3.185870000000000091e-01
7.700000000000000178e+00,3.417070956795636327e+00,7.465678376046905318e-02,-3.603767230845100755e-02,3.424702569042100908e+00,7.245608283707735686e-02,-3.302010946063749230e-02,3.425000000000000266e+00,0.000000000000000000e+00,0.000000000000000000e+00,5.006624361069469398e-01,3.156770377716155290e-02,7.465678376046905318e-02,-3.603767230845100755e-02,7.507666140415479583e-02,3.156420000000000337e-01
7.750000000000000000e+00,3.440996422405798061e+00,7.382934944843635994e-02,-3.310243807499624324e-02,3.438162386852635422e+00,9.573529835155003553e-02,-2.914040275589391271e-02,3.450000000000000178e+00,0.000000000000000000e+00,0.000000000000000000e+00,5.263646203551002323e-01,-1.300549769324848073e-02,7.382934944843635994e-02,-3.310243807499624324e-02,7.437632183345818659e-02,3.115240000000000231e-01
7.800000000000000711e+00,3.464844854430261911e+00,7.304615523543867006e-02,-3.255494656932622632e-02,3.499262444709364317e+00,7.654911331017606735e-02,-3.042099080309723647e-02,3.500000000000000000e+00,0.000000000000000000e+00,0.000000000000000000e+00,5.016426804092281033e-01,1.649244786610997923e-02,7.304615523543867006e-02,-3.255494656932622632e-02,8.106556022571656528e-02,3.258110000000000173e-01
7.850000000000000533e+00,3.488145552622079038e+00,7.226286110513813199e-02,-3.465327700059139815e-02,3.481852362603078177e+00,8.221169635502308115e-02,-5.512934337177188837e-02,3.500000000000000000e+00,0.000000000000000000e+00,0.000000000000000000e+00,5.404182469511717990e-01,1.025348165315597276e-01,7.226286110513813199e-02,-3.465327700059139815e-02,7.322874447740028436e-02,3.232360000000000233e-01
7.900000000000000355e+00,3.513170515935414073e+00,7.140988707439938077e-02,-3.349019452267665287e-02,3.521200593764790554e+00,9.198002225518898956e-02,-3.957088523288776472e-02,3.525000000000000355e+00,0.000000000000000000e+00,0.000000000000000000e+00,5.084620081817565751e-01,3.121810347544930891e-02,7.140988707439938077e-02,-3.349019452267665287e-02,7.238306891264539855e-02,3.160930000000000129e-01
7.950000000000000178e+00,3.537664231039477247e+00,7.063956616086003448e-02,-2.938855536657403178e-02,3.537679220025168547e+00,8.325413091875225047e-02,-3.201017335546429976e-02,3.550000000000000266e+00,0.000000000000000000e+00,0.000000000000000000e+00,5.274407262029311427e-01,1.387686874387235661e-02,7.063956616086003448e-02,-2.938855536657403178e-02,7.170857342913694588e-02,3.221040000000000569e-01
8.000000000000000000e+00,3.562723341808120558e+00,6.993535805515559145e-02,-2.680041520602349792e-02,3.549999416579642020e+00,7.018266782251827984e-02,-1.732331045195456554e-02,3.550000000000000266e+00,0.000000000000000000e+00,0.000000000000000000e+00,5.000013037897326207e-01,-2.479086272573751554e-02,6.993535805515559145e-02,-2.680041520602349792e-02,7.108331543385605633e-02,3.152510000000000034e-01
8.050000000000000711e+00,3.586104797319417781e+00,6.927318102493169871e-02,-2.982566442494949399e-02,3.603680103613341679e+00,6.217683800170241415e-02,-4.367724308404152822e-02,3.600000000000000089e+00,0.000000000000000000e+00,0.000000000000000000e+00,4.918037079745870011e-01,8.503480199789120730e-02,6.927318102493169871e-02,-2.982566442494949399e-02,7.065302730136494014e-02,3.158320000000000016e-01
8.099999999999999645e+00,3.609800025603985940e+00,6.856420048996565708e-02,-2.999811673500252240e-02,3.598849211012410620e+00,6.993078275120004350e-02,-3.805037743925998583e-02,3.600000000000000089e+00,0.000000000000000000e+00,0.000000000000000000e+00,5.025630250544750321e-01,5.381877914937522461e-02,6.856420048996565708e-02,-2.999811673500252240e-02,6.926102865729749647e-02,3.260520000000000085e-01
8.150000000000000355e+00,3.633362929673203734e+00,6.787386527575860196e-02,-2.858021455496118080e-02,3.627911495788269658e+00,8.330639677787718411e-02,-3.806108021361742644e-02,3.625000000000000000e+00,0.000000000000000000e+00,0.000000000000000000e+00,4.935155444774379507e-01,3.666428625080440235e-02,6.787386527575860196e-02,-2.858021455496118080e-02,6.838713461017928430e-02,3.219329999999999692e-01
8.200000000000001066e+00,3.656870721300163662e+00,6.721779635671083775e-02,-2.722244646752480790e-02,3.663372369921739313e+00,5.074653860292377416e-02,-1.339634661333866106e-02,3.675000000000000266e+00,0.000000000000000000e+00,0.000000000000000000e+00,5.258969468995948748e-01,-1.463741169406069728e-02,6.721779635671083775e-02,-2.722244646752480790e-02,6.961970190419231042e-02,3.228249999999999731e-01
8.250000000000000000e+00,3.682226654594871196e+00,6.648093919750150405e-02,-3.088228402642689829e-02,3.687425864947238896e+00,4.384173675929563252e-02,-2.648699402902421340e-02,3.675000000000000266e+00,0.000000000000000000e+00,0.000000000000000000e+00,4.723252350496635610e-01,4.367935000659645822e-02,6.648093919750150405e-02,-3.088228402642689829e-02,6.687256397967301924e-02,3.237579999999999902e-01
8.300000000000000711e+00,3.704105635507967342e+00,6.583789636235135023e-02,-2.788258942408639030e-02,3.703076861349202442e+00,6.449085330640126623e-02,-2.813122185336824899e-02,3.700000000000000178e+00,0.000000000000000000e+00,0.000000000000000000e+00,4.931472390112042747e-01,2.334752068898039712e-02,6.583789636235135023e-02,-2.788258942408639030e-02,6.596578537654196328e-02,3.145500000000000518e-01
8.349999999999999645e+00,3.727066115158985671e+00,6.523397866499058839e-02,-2.471025678076799181e-02,3.719670393288463384e+00,7.828486469557977001e-02,-1.759359093102741411e-02,3.725000000000000089e+00,0.000000000000000000e+00,0.000000000000000000e+00,5.118700486546272632e-01,-3.418443069630165004e-02,6.523397866499058839e-02,-2.471025678076799181e-02,6.526668985259354017e-02,3.240480000000000027e-01
8.400000000000000355e+00,3.751135409783246999e+00,6.466665368246209133e-02,-2.242198900270109263e-02,3.767891981217770692e+00,6.207270018456060440e-02,-3.354218091098326582e-02,3.775000000000000355e+00,0.000000000000000000e+00,0.000000000000000000e+00,5.158309142324678520e-01,4.688944562800002880e-02,6.466665368246209133e-02,-2.242198900270109263e-02,6.892963633083412645e-02,3.252599999999999936e-01
8.450000000000001066e+00,3.775021562075623116e+00,6.416624046036149831e-02,-1.947174296933518178e-02,3.758763967733083078e+00,6.063610103091476855e-02,-1.180234429063364843e-02,3.775000000000000355e+00,0.000000000000000000e+00,0.000000000000000000e+00,5.361607403278836337e-01,-3.336964110056130778e-02,6.416624046036149831e-02,-1.947174296933518178e-02,6.416624408316290440e-02,3.119149999999999978e-01
8.500000000000000000e+00,3.800634491630507927e+00,6.359174114162709224e-02,-2.538083835391669041e-02,3.797495431443191904e+00,7.131683797198359875e-02,-5.210739022572141721e-02,3.800000000000000266e+00,0.000000000000000000e+00,0.000000000000000000e+00,5.055781572454345341e-01,1.051251797324648934e-01,6.359174114162709224e-02,-2.538083835391669041e-02,6.359490640808343476e-02,3.230459999999999998e-01
8.550000000000000711e+00,3.824106120379438867e+00,6.309871301393256415e-02,-1.662354409227750907e-02,3.815336845016884304e+00,5.949843991698650775e-02,-1.003353582977339897e-02,3.825000000000000178e+00,0.000000000000000000e+00,0.000000000000000000e+00,5.215216884481230775e-01,-3.858632503367442901e-02,6.309871301393256415e-02,-1.662354409227750907e-02,6.310504421035356692e-02,3.168549999999999978e-01
8.599999999999999645e+00,3.848160424767618881e+00,6.264043805618323135e-02,-2.147521081340952875e-02,3.844628161811551870e+00,8.731134907630522246e-02,-2.391361586640261550e-02,3.850000000000000089e+00,0.000000000000000000e+00,0.000000000000000000e+00,5.119641107525046975e-01,-2.191940117665725982e-02,6.264043805618323135e-02,-2.147521081340952875e-02,6.266744383574392174e-02,3.095899999999999763e-01
8.650000000000000355e+00,3.872720930283092056e+00,6.213489858116915537e-02,-1.968583919693100981e-02,3.860643140170192833e+00,6.655715099466837092e-02,-3.712927110618169380e-02,3.850000000000000089e+00,0.000000000000000000e+00,0.000000000000000000e+00,4.762957006085026257e-01,5.467295578375713783e-02,6.213489858116915537e-02,-1.968583919693100981e-02,6.615879604875909981e-02,3.159820000000000406e-01
8.700000000000001066e+00,3.894545733449644054e+00,6.175916826949697652e-02,-1.474225580185084539e-02,3.889191065694405758e+00,6.041711307096870459e-02,5.348730488612840617e-03,3.900000000000000355e+00,0.000000000000000000e+00,0.000000000000000000e+00,5.240735526415923884e-01,-9.532704421624288438e-02,6.175916826949697652e-02,-1.474225580185084539e-02,6.199954748981945096e-02,3.100209999999999910e-01
8.750000000000000000e+00,3.919511988401213287e+00,6.139524354549227153e-02,-1.440900877696948967e-02,3.913232578649433080e+00,7.517455563779971983e-02,-2.462297529995627343e-02,3.925000000000000266e+00,0.000000000000000000e+00,0.000000000000000000e+00,5.262082936029964797e-01,-3.640555354483617119e-03,6.139524354549227153e-02,-1.440900877696948967e-02,6.164003732411857395e-02,3.110130000000000394e-01
8.800000000000000711e+00,3.944870805668861724e+00,6.108855196517733871e-02,-9.777973246656301853e-03,3.936040629564951487e+00,6.274268409653303846e-02,-1.064482476198058691e-03,3.925000000000000266e+00,0.000000000000000000e+00,0.000000000000000000e+00,4.754104182657227784e-01,-7.663477246150626754e-02,6.108855196517733871e-02,-9.777973246656301853e-03,6.423908544750484007e-02,3.223949999999999871e-01
8.849999999999999645e+00,3.967093542785514071e+00,6.080560510651204786e-02,-1.568527810632636132e-02,3.944757179001200154e+00,5.800196186765466805e-02,-1.347331987009914300e-02,3.950000000000000178e+00,0.000000000000000000e+00,0.000000000000000000e+00,5.116767574895850768e-01,-2.367602913290514990e-02,6.080560510651204786e-02,-1.568527810632636132e-02,6.316257449890147480e-02,3.117349999999999843e-01
8.900000000000000355e+00,3.991235107653709147e+00,6.035196224936795889e-02,-2.189219271749642814e-02,3.995611399973572286e+00,4.373960663074059896e-02,-1.525252232523222062e-02,4.000000000000000000e+00,0.000000000000000000e+00,0.000000000000000000e+00,5.097742504212089409e-01,1.379119305018639517e-03,6.035196224936795889e-02,-2.189219271749642814e-02,6.098510215774999299e-02,3.064950000000000174e-01
8.950000000000001066e+00,4.015663046716039908e+00,5.981389604578998126e-02,-2.215402902073693170e-02,3.995090332869852823e+00,5.438786465901990913e-02,-4.854341810212581265e-02,4.000000000000000000e+00,0.000000000000000000e+00,0.000000000000000000e+00,5.109347658503247125e-01,1.134274675060173154e-01,5.981389604578998126e-02,-2.215402902073693170e-02,6.183068164435370773e-02,3.144400000000000528e-01
9.000000000000000000e+00,4.038990621913301382e+00,5.932363144298243018e-02,-1.987283707330922411e-02,4.032295884076537718e+00,2.473995127977236114e-02,-2.563559486549937816e-02,4.025000000000000355e+00,0.000000000000000000e+00,0.000000000000000000e+00,4.837506776154154586e-01,6.502192269371651068e-02,5.932363144298243018e-02,-1.987283707330922411e-02,6.095105207544618264e-02,3.095800000000000218e-01
9.050000000000000711e+00,4.061696583707719910e+00,5.890278184304816728e-02,-1.719244306308453929e-02,4.060702643300800219e+00,8.173411091587599875e-02,-1.945771820236696925e-02,4.049999999999999822e+00,0.000000000000000000e+00,0.000000000000000000e+00,4.761631712723937704e-01,-3.157567015976412567e-02,5.890278184304816728e-02,-1.719244306308453929e-02,6.005287486275263931e-02,3.094200000000000284e-01
9.099999999999999645e+00,4.084089364202953654e+00,5.848731578648854595e-02,-1.991044318515111655e-02,4.090757337760788204e+00,5.527859723894705535e-02,-2.284099400976691285e-02,4.100000000000000533e+00,0.000000000000000000e+00,0.000000000000000000e+00,5.205851662604754626e-01,1.520605912948094773e-02,5.848731578648854595e-02,-1.991044318515111655e-02,6.061282405048210725e-02,3.146100000000000008e-01
9.150000000000000355e+00,4.108524030257600046e+00,5.797896720440153667e-02,-2.169235656848256255e-02,4.085194953927900663e+00,5.972930571466030653e-02,-1.104165485141050951e-02,4.100000000000000533e+00,0.000000000000000000e+00,0.000000000000000000e+00,5.329736621465760438e-01,-3.507775950577819712e-02,5.797896720440153667e-02,-2.169235656848256255e-02,5.860221608370745627e-02,3.061640000000000472e-01
9.200000000000001066e+00,4.134160877331747308e+00,5.744111799591090917e-02,-2.026056517220675701e-02,4.131687911053825601e+00,6.834452912481603359e-02,-1.753369304011798135e-02,4.125000000000000000e+00,0.000000000000000000e+00,0.000000000000000000e+00,4.851047529270249292e-01,-2.163427952227358134e-02,5.744111799591090917e-02,-2.026056517220675701e-02,5.816703284599861884e-02,3.084880000000000400e-01
9.250000000000000000e+00,4.156598552266214774e+00,5.691151517532935800e-02,-2.693723986714768870e-02,4.170558363130118629e+00,5.919871315584490645e-02,6.337212389275315161e-03,4.174999999999999822e+00,0.000000000000000000e+00,0.000000000000000000e+00,5.098923693161795390e-01,-1.000346976781942288e-01,5.691151517532935800e-02,-2.693723986714768870e-02,5.981248898224322125e-02,3.140390000000000126e-01
9.300000000000000711e+00,4.181115153186254929e+00,5.621837223477242629e-02,-2.959248449861462404e-02,4.178607583951675863e+00,5.723067705683074213e-02,-4.847343518458879785e-02,4.174999999999999822e+00,0.000000000000000000e+00,0.000000000000000000e+00,4.919652246669248274e-01,4.996530232180579345e-02,5.621837223477242629e-02,-2.959248449861462404e-02,5.654998209742242987e-02,3.040600000000000525e-01
9.349999999999999645e+00,4.203710992731031659e+00,5.556979651916958002e-02,-2.779840694812918400e-02,4.182360431929931011e+00,4.579704650553036854e-02,-4.250896818534766197e-02,4.174999999999999822e+00,0.000000000000000000e+00,0.000000000000000000e+00,4.836069142030448020e-01,1.016821058979133358e-01,5.556979651916958002e-02,-2.779840694812918400e-02,6.254856823927526510e-02,3.022870000000000279e-01
9.400000000000000355e+00,4.226673830578561386e+00,5.495315991386535287e-02,-2.589604062127470741e-02,4.228026785896259909e+00,5.163204598925572042e-02,-2.219902417784247461e-02,4.225000000000000533e+00,0.000000000000000000e+00,0.000000000000000000e+00,4.932587683968105430e-01,1.747352803020333495e-02,5.495315991386535287e-02,-2.589604062127470741e-02,5.497864579384056927e-02,3.130870000000000597e-01
9.450000000000001066e+00,4.250171108616448201e+00,5.435964260835446371e-02,-2.461118224210467886e-02,4.244172772983203501e+00,5.061400276369820012e-02,-2.439653388981444238e-02,4.250000000000000000e+00,0.000000000000000000e+00,0.000000000000000000e+00,5.129783439186078597e-01,2.707935922326782513e-02,5.435964260835446371e-02,-2.461118224210467886e-02,5.435991190819434299e-02,3.014550000000000285e-01
9.500000000000000000e+00,4.274349971912840829e+00,5.380671429168319003e-02,-2.111734967703648991e-02,4.269943800081963836e+00,4.515223827155877973e-02,-2.863863613132355823e-02,4.275000000000000355e+00,0.000000000000000000e+00,0.000000000000000000e+00,5.112611228060892632e-01,5.012240210132420243e-02,5.380671429168319003e-02,-2.111734967703648991e-02,5.381064057768612102e-02,3.001320000000000099e-01
9.550000000000000711e+00,4.298357879853262453e+00,5.335988268523916139e-02,-1.610205519310969891e-02,4.296022026636328484e+00,3.802090341280231489e-02,-7.663922789172161742e-03,4.299999999999999822e+00,0.000000000000000000e+00,0.000000000000000000e+00,5.088597065277732368e-01,-1.992843727954524830e-02,5.335988268523916139e-02,-1.610205519310969891e-02,5.338514436394085905e-02,3.119050000000000433e-01
9.600000000000001421e+00,4.321865152839857949e+00,5.298985715587395395e-02,-1.537713620390501745e-02,4.350914220307069868e+00,2.135769517967953807e-02,-2.370791614017342397e-02,4.350000000000000533e+00,0.000000000000000000e+00,0.000000000000000000e+00,4.979638585838636611e-01,6.208567962221896858e-02,5.298985715587395395e-02,-1.537713620390501745e-02,5.999578806986794605e-02,3.196800000000000197e-01
9.650000000000000355e+00,4.345564428963214709e+00,5.270577700900291873e-02,-8.595456084692365550e-03,4.343034528596002808e+00,5.377566731598487637e-02,-1.158565558360935555e-02,4.350000000000000533e+00,0.000000000000000000e+00,0.000000000000000000e+00,5.155134318268734805e-01,-2.536786506445825456e-02,5.270577700900291873e-02,-8.595456084692365550e-03,5.289209034009824395e-02,3.196089999999999764e-01
9.700000000000001066e+00,4.369535904635732493e+00,5.246638514499852440e-02,-1.137694023375379615e-02,4.385783184887250385e+00,3.129355192588650220e-02,-2.724815737033825513e-02,4.375000000000000000e+00,0.000000000000000000e+00,0.000000000000000000e+00,4.759837949060640172e-01,6.268401343636648138e-02,5.246638514499852440e-02,-1.137694023375379615e-02,5.275014605034882009e-02,3.220439999999999969e-01
9.750000000000000000e+00,4.392135777180944167e+00,5.227315086569806618e-02,-5.723118204399302300e-03,4.420795179877085701e+00,5.072493522735014443e-02,-2.957147651065472616e-03,4.424999999999999822e+00,0.000000000000000000e+00,0.000000000000000000e+00,5.093649318300247364e-01,-5.403518779192501703e-02,5.227315086569806618e-02,-5.723118204399302300e-03,6.174576457481573133e-02,3.204410000000000314e-01
9.800000000000000711e+00,4.416247498560418983e+00,5.210839283560168844e-02,-7.942887910589391254e-03,4.405260654059678593e+00,7.742875159354650760e-02,-3.567050103382651827e-03,4.424999999999999822e+00,0.000000000000000000e+00,0.000000000000000000e+00,5.439632864311352289e-01,-8.606218543369816010e-02,5.210839283560168844e-02,-7.942887910589391254e-03,5.283834673188829434e-02,3.258110000000000173e-01
9.850000000000001421e+00,4.442727745208011392e+00,5.180807262783194977e-02,-1.473872352157146182e-02,4.450686091605427386e+00,5.810350739143123333e-02,4.063706504631170446e-07,4.450000000000000178e+00,0.000000000000000000e+00,0.000000000000000000e+00,4.984719503050313305e-01,-7.469561992475785839e-02,5.180807262783194977e-02,-1.473872352157146182e-02,5.231598301829292613e-02,3.232160000000000033e-01
9.900000000000000355e+00,4.466144061452479441e+00,5.143242091455060144e-02,-1.734313674880549883e-02,4.463520987281517804e+00,5.580487766625250728e-02,-1.081510951005437704e-02,4.475000000000000533e+00,0.000000000000000000e+00,0.000000000000000000e+00,5.255659485139148046e-01,-3.089130423239301246e-02,5.143242091455060144e-02,-1.734313674880549883e-02,5.218928595687980648e-02,3.158819999999999961e-01
9.950000000000001066e+00,4.491159810894861160e+00,5.097295454687941763e-02,-1.938690104013618409e-02,4.499703995283229396e+00,5.313060968156475133e-02,-2.064629136897577766e-02,4.500000000000000000e+00,0.000000000000000000e+00,0.000000000000000000e+00,5.006592630114682363e-01,9.678721920838696466e-03,5.097295454687941763e-02,-1.938690104013618409e-02,5.173384809438449916e-02,3.229760000000000408e-01
1.000000000000000000e+01,4.514658088345468556e+00,5.055497073120190227e-02,-1.618504592555680688e-02,4.523727223034653910e+00,6.890658013632119938e-02,-1.627170334759853176e-02,4.525000000000000355e+00,0.000000000000000000e+00,0.000000000000000000e+00,5.028347169473093015e-01,-2.712172037976296607e-02,5.055497073120190227e-02,-1.618504592555680688e-02,5.160193990832923766e-02,3.216330000000000577e-01
1.005000000000000071e+01,4.538645881462881171e+00,5.017142114455368923e-02,-1.579095984618339443e-02,4.533143058373957146e+00,4.024876008218905565e-02,-3.792939541892526023e-03,4.525000000000000355e+00,0.000000000000000000e+00,0.000000000000000000e+00,4.818638577187239203e-01,-3.741517984600745833e-02,5.017142114455368923e-02,-1.579095984618339443e-02,5.199405331923222240e-02,3.179870000000000196e-01
1.010000000000000142e+01,4.561454365443831982e+00,4.979148158906508692e-02,-1.752159344897874504e-02,4.577667196960274687e+00,4.863560967228010984e-02,-1.090059762544681732e-02,4.575000000000000178e+00,0.000000000000000000e+00,0.000000000000000000e+00,4.940596412007564053e-01,-2.135113824641252447e-02,4.979148158906508692e-02,-1.752159344897874504e-02,5.160112260758931840e-02,3.261209999999999942e-01
1.015000000000000036e+01,4.584664450716320339e+00,4.935825855258109407e-02,-1.980465772723727369e-02,4.582025320947956892e+00,6.864921525144893066e-02,-1.702241280984262417e-02,4.575000000000000178e+00,0.000000000000000000e+00,0.000000000000000000e+00,4.843532705544211225e-01,-2.395633936628822555e-02,4.935825855258109407e-02,-1.980465772723727369e-02,5.029551963139088783e-02,3.226149999999999851e-01
1.020000000000000107e+01,4.607998691793826040e+00,4.886460540838762773e-02,-2.250051217121296077e-02,4.589046208540010774e+00,5.695570296776858443e-02,-1.306433024950726107e-02,4.600000000000000533e+00,0.000000000000000000e+00,0.000000000000000000e+00,5.243961784207491483e-01,-2.387443650721682992e-02,4.886460540838762773e-02,-2.250051217121296077e-02,4.951493443527959365e-02,3.355690000000000062e-01
1.025000000000000000e+01,4.632718367677839844e+00,4.831155103688879182e-02,-2.223811014040366629e-02,4.615635840464579864e+00,4.761786388839066297e-02,-3.023756376586783645e-02,4.625000000000000000e+00,0.000000000000000000e+00,0.000000000000000000e+00,5.208557716280380889e-01,5.299027630724458676e-02,4.831155103688879182e-02,-2.223811014040366629e-02,4.892421857526427220e-02,3.256109999999999838e-01
1.030000000000000071e+01,4.657025890487050290e+00,4.782999997976705026e-02,-1.737827348534448646e-02,4.663880059343264328e+00,4.063340561498487991e-02,-4.252284805031703030e-03,4.674999999999999822e+00,0.000000000000000000e+00,0.000000000000000000e+00,5.247662301981208532e-01,-3.617198533305401170e-02,4.782999997976705026e-02,-1.737827348534448646e-02,5.109576803266605710e-02,3.238269999999999760e-01
1.035000000000000142e+01,4.682137682895086250e+00,4.735668790514129672e-02,-2.031366264660805498e-02,4.690839374888613911e+00,7.249935225478776335e-02,-3.748957167497080079e-02,4.700000000000000178e+00,0.000000000000000000e+00,0.000000000000000000e+00,5.204024617396532104e-01,4.839592922354335469e-02,4.735668790514129672e-02,-2.031366264660805498e-02,5.061341977876476772e-02,3.250600000000000156e-01
1.040000000000000036e+01,4.706842374624499392e+00,4.684429451155557034e-02,-2.116185501663458979e-02,4.730535146647223854e+00,5.944605419901953514e-02,-1.256457110896258555e-02,4.725000000000000533e+00,0.000000000000000000e+00,0.000000000000000000e+00,4.876721769143389507e-01,-2.896124331646648606e-02,4.684429451155557034e-02,-2.116185501663458979e-02,5.024029545655955137e-02,3.359100000000000419e-01
1.045000000000000107e+01,4.730006529748819410e+00,4.631200796070029241e-02,-2.478783665402772840e-02,4.737672294567834896e+00,4.950321266222839495e-02,-2.113557219921835539e-02,4.750000000000000000e+00,0.000000000000000000e+00,0.000000000000000000e+00,5.274561471814906977e-01,1.618952702383427700e-02,4.631200796070029241e-02,-2.478783665402772840e-02,5.044344292409877473e-02,3.208519999999999706e-01
1.050000000000000000e+01,4.755351104917201255e+00,4.576755572125305177e-02,-1.816956218838594594e-02,4.724792908900851351e+00,2.792285428808599299e-02,-1.713268963091474362e-02,4.750000000000000000e+00,0.000000000000000000e+00,0.000000000000000000e+00,5.561409997324207044e-01,2.881343051201109770e-02,4.576755572125305177e-02,-1.816956218838594594e-02,4.607931727503022240e-02,3.261519999999999975e-01
1.055000000000000071e+01,4.782087983303390466e+00,4.532460986111003926e-02,-1.496110749559509401e-02,4.806388005153960918e+00,4.220980924639473886e-02,-1.260420600156653137e-02,4.800000000000000711e+00,0.000000000000000000e+00,0.000000000000000000e+00,4.857727042319154309e-01,-6.654550052329827499e-03,4.532460986111003926e-02,-1.496110749559509401e-02,4.873561942975053463e-02,3.238470000000000515e-01
1.060000000000000142e+01,4.803987096260152079e+00,4.497157148603028037e-02,-1.727835323007065327e-02,4.803096507283119543e+00,4.775229777134789438e-02,-3.222186100781421203e-02,4.800000000000000711e+00,0.000000000000000000e+00,0.000000000000000000e+00,4.931034859295917450e-01,6.031271283500211355e-02,4.497157148603028037e-02,-1.727835323007065327e-02,4.514796981604870391e-02,3.124560000000000115e-01
1.065000000000000036e+01,4.827571820108666145e+00,4.462253932333962170e-02,-1.231764182625072479e-02,4.820770059629124304e+00,5.605307386038885925e-02,-8.024866486510795482e-03,4.825000000000000178e+00,0.000000000000000000e+00,0.000000000000000000e+00,5.094208821550880728e-01,-4.174465411005653243e-02,4.462253932333962170e-02,-1.231764182625072479e-02,4.469659130553838705e-02,3.211820000000000230e-01
1.070000000000000107e+01,4.851127813029810554e+00,4.432413049374864938e-02,-1.301713130423864939e-02,4.868610830867298844e+00,2.958955041072846431e-02,1.581658384963269270e-03,4.875000000000000000e+00,0.000000000000000000e+00,0.000000000000000000e+00,5.142298986864969335e-01,-4.401242551638417239e-02,4.432413049374864938e-02,-1.301713130423864939e-02,5.034391576711669952e-02,3.168740000000000445e-01
1.075000000000000000e+01,4.875600253227609926e+00,4.397566492048320813e-02,-1.545914834849160258e-02,4.870904844875138195e+00,7.145309214306584666e-02,-2.452293914569914079e-02,4.875000000000000000e+00,0.000000000000000000e+00,0.000000000000000000e+00,5.091206931162258753e-01,7.676488019362459310e-04,4.397566492048320813e-02,-1.545914834849160258e-02,4.397976135833246703e-02,3.074870000000000103e-01
1.080000000000000071e+01,4.899239856138764893e+00,4.361192167228572503e-02,-1.531248067982060590e-02,4.900696657068627893e+00,3.175309668790865514e-02,-2.906660191023524575e-02,4.900000000000000355e+00,0.000000000000000000e+00,0.000000000000000000e+00,4.984484134164775537e-01,6.896165244357552182e-02,4.361192167228572503e-02,-1.531248067982060590e-02,4.361854571898700350e-02,3.201499999999999901e-01
1.085000000000000142e+01,4.922666968816293398e+00,4.324576652545876476e-02,-1.594406733047382119e-02,4.910798657018061952e+00,2.505718896697449460e-02,-4.496513787651146288e-03,4.900000000000000355e+00,0.000000000000000000e+00,0.000000000000000000e+00,4.759493327852037936e-01,-1.522610736647540298e-02,4.324576652545876476e-02,-1.594406733047382119e-02,4.882609750628541523e-02,3.124160000000000270e-01
1.090000000000000036e+01,4.944861540464284388e+00,4.289591747020524148e-02,-1.557896360401445079e-02,4.936870094542867626e+00,1.777975853569729869e-03,-2.502982276481180435e-02,4.925000000000000711e+00,0.000000000000000000e+00,0.000000000000000000e+00,4.735630336360692194e-01,9.224776975462779804e-02,4.289591747020524148e-02,-1.557896360401445079e-02,4.727092684965080588e-02,3.068560000000000176e-01
1.095000000000000107e+01,4.967501104526726330e+00,4.260991993342420903e-02,-9.684979105814672806e-03,4.951255844146934315e+00,7.327881239538359959e-02,-3.030043097324597312e-02,4.950000000000000178e+00,0.000000000000000000e+00,0.000000000000000000e+00,4.972029915313236348e-01,2.024606577513700378e-02,4.260991993342420903e-02,-9.684979105814672806e-03,4.606401997642212143e-02,3.163630000000000053e-01
1.100000000000000000e+01,4.991037834963653275e+00,4.241555711910328930e-02,-6.830347610424780669e-03,4.993632289715536743e+00,2.389317274408307712e-02,7.279675071753199944e-03,5.000000000000000000e+00,0.000000000000000000e+00,0.000000000000000000e+00,5.141821037825662355e-01,-5.820921493897077831e-02,4.241555711910328930e-02,-6.830347610424780669e-03,4.335204594782845339e-02,3.114839999999999831e-01
1.105000000000000071e+01,5.014789639836932267e+00,4.217804657631042675e-02,-1.316835379498337844e-02,5.034966604651502919e+00,2.816662272433818545e-02,-2.555786521929137578e-02,5.025000000000000355e+00,0.000000000000000000e+00,0.000000000000000000e+00,4.778024744846560146e-01,6.031929602603264273e-02,4.217804657631042675e-02,-1.316835379498337844e-02,4.339630246522137996e-02,3.046510000000000051e-01
1.110000000000000142e+01,5.037945822055864831e+00,4.190090229958191859e-02,-1.076746102251080472e-02,5.056066060496616998e+00,6.600389800462069800e-02,-1.815249308303412690e-02,5.050000000000000711e+00,0.000000000000000000e+00,0.000000000000000000e+00,4.864897237681462538e-01,-1.628493828417462361e-02,4.190090229958191859e-02,-1.076746102251080472e-02,4.360033049677491945e-02,3.139080000000000203e-01
1.115000000000000036e+01,5.060503852308715800e+00,4.167124871427900501e-02,-9.592973745092603366e-03,5.056104798454430949e+00,3.916814096064304140e-02,-3.013255593602437443e-04,5.050000000000000711e+00,0.000000000000000000e+00,0.000000000000000000e+00,4.864034483476180615e-01,-4.921306907347069298e-02,4.167124871427900501e-02,-9.592973745092603366e-03,4.297468886135883542e-02,3.119650000000000478e-01
1.120000000000000107e+01,5.084107434351799348e+00,4.138382839179507999e-02,-1.475978060448479567e-02,5.074599254647429447e+00,5.343913241322746643e-02,-5.951565640684552960e-03,5.075000000000000178e+00,0.000000000000000000e+00,0.000000000000000000e+00,5.008925340851591024e-01,-4.621802998517055006e-02,4.138382839179507999e-02,-1.475978060448479567e-02,4.237412669110569852e-02,3.030079999999999996e-01
1.125000000000000000e+01,5.107132867179982938e+00,4.102688219867231534e-02,-1.624225146496272032e-02,5.112383032276326844e+00,2.859572352906029208e-02,-1.316287710807717559e-02,5.100000000000000533e+00,0.000000000000000000e+00,0.000000000000000000e+00,4.724206275593173521e-01,1.295316914992865158e-02,4.102688219867231534e-02,-1.624225146496272032e-02,4.164232050631911514e-02,3.109730000000000549e-01
1.130000000000000071e+01,5.129601840576835770e+00,4.067167025965881533e-02,-1.537310942721781259e-02,5.096081427305787059e+00,5.688515883256380773e-02,-2.711453679042286069e-02,5.100000000000000533e+00,0.000000000000000000e+00,0.000000000000000000e+00,5.087274036876179295e-01,2.928394398413435712e-02,4.067167025965881533e-02,-1.537310942721781259e-02,5.030361544905877225e-02,3.037500000000000200e-01
1.135000000000000142e+01,5.152910415637258268e+00,4.028911139457412582e-02,-1.744953360688761279e-02,5.166527117993474860e+00,3.318555538177837133e-02,1.270540289045340998e-02,5.175000000000000711e+00,0.000000000000000000e+00,0.000000000000000000e+00,5.188707242165517819e-01,-9.064584856826275738e-02,4.028911139457412582e-02,-1.744953360688761279e-02,4.594738549997288285e-02,3.031890000000000418e-01
1.140000000000000036e+01,5.177205938154266107e+00,3.985490318994940051e-02,-1.829054842312771711e-02,5.170370663433102365e+00,5.561598829687187939e-02,-8.073710539009848475e-03,5.175000000000000711e+00,0.000000000000000000e+00,0.000000000000000000e+00,5.103104177253595664e-01,-4.100228346464410839e-02,3.985490318994940051e-02,-1.829054842312771711e-02,3.991590499313128065e-02,3.157320000000000682e-01
1.145000000000000107e+01,5.201431137819243489e+00,3.942297895202059171e-02,-1.736475961321737316e-02,5.200086640199090837e+00,5.232958324794768218e-02,5.629468310103469264e-03,5.200000000000000178e+00,0.000000000000000000e+00,0.000000000000000000e+00,4.998070374202758792e-01,-8.853189655500683097e-02,3.942297895202059171e-02,-1.736475961321737316e-02,3.944894706971438514e-02,3.646429999999999949e-01
1.150000000000000000e+01,5.224919170047066963e+00,3.897355556972975643e-02,-2.089885847354855386e-02,5.221780023336752841e+00,4.682034724967021333e-02,-4.263814291731415906e-02,5.225000000000000533e+00,0.000000000000000000e+00,0.000000000000000000e+00,5.071715015952517058e-01,6.146810344499319123e-02,3.897355556972975643e-02,-2.089885847354855386e-02,3.897363938905506336e-02,3.027279999999999971e-01
1.155000000000000071e+01,5.248913471099248440e+00,3.850102392797961903e-02,-1.848304033900749488e-02,5.254414686540663126e+00,3.758719572017647087e-02,-2.138386807420511460e-02,5.250000000000000000e+00,0.000000000000000000e+00,0.000000000000000000e+00,4.901676529637641333e-01,3.244887802989836895e-02,3.850102392797961903e-02,-1.848304033900749488e-02,3.851635222285500204e-02,3.125760000000000205e-01
1.160000000000000142e+01,5.272072775169988290e+00,3.807927935297723138e-02,-1.793411300551683851e-02,5.280090777984862704e+00,4.395897720263679254e-02,-5.938338962856004599e-03,5.275000000000000355e+00,0.000000000000000000e+00,0.000000000000000000e+00,4.886618657545127031e-01,-3.407924132158111907e-02,3.807927935297723138e-02,-1.793411300551683851e-02,3.819162422897875997e-02,3.044010000000000327e-01
1.165000000000000036e+01,5.294975808513111559e+00,3.763004103147857965e-02,-2.129044862490570011e-02,5.272176357801820146e+00,3.280586731906301456e-02,-4.062085472689602739e-03,5.275000000000000355e+00,0.000000000000000000e+00,0.000000000000000000e+00,5.062887874285918466e-01,-2.683072658537960509e-02,3.763004103147857965e-02,-2.129044862490570011e-02,4.260343781648668476e-02,3.014350000000000085e-01
1.170000000000000107e+01,5.318821833701642632e+00,3.707372292343620590e-02,-2.536027890778047578e-02,5.309497043797208882e+00,3.916137231526010259e-02,-4.373435985264029213e-02,5.300000000000000711e+00,0.000000000000000000e+00,0.000000000000000000e+00,4.788482747203852141e-01,1.148368318218468409e-01,3.707372292343620590e-02,-2.536027890778047578e-02,4.157790705766684775e-02,3.071659999999999946e-01
1.175000000000000000e+01,5.340337212998272243e+00,3.658800417462901994e-02,-1.978289536521149472e-02,5.329732396552275375e+00,2.144588749325611332e-02,-3.900509314632527591e-02,5.325000000000000178e+00,0.000000000000000000e+00,0.000000000000000000e+00,4.894600476822739687e-01,1.197515059940193055e-01,3.658800417462901994e-02,-1.978289536521149472e-02,3.967256170247941000e-02,3.005639999999999978e-01
1.180000000000000071e+01,5.363194248252068697e+00,3.620005280902651584e-02,-1.415974976911016370e-02,5.372236687245335318e+00,4.321985604142074278e-02,-2.564351535181685904e-02,5.375000000000000000e+00,0.000000000000000000e+00,0.000000000000000000e+00,5.061544223895597661e-01,4.129752850876027004e-02,3.620005280902651584e-02,-1.415974976911016370e-02,3.807649665751947077e-02,2.956340000000000079e-01
1.185000000000000142e+01,5.386123411421084306e+00,3.588689560361850439e-02,-1.315374041109906855e-02,5.381920790022444834e+00,2.750836661840137809e-02,-1.544684042557742387e-02,5.375000000000000000e+00,0.000000000000000000e+00,0.000000000000000000e+00,4.845860827848676444e-01,2.297986768467475890e-02,3.588689560361850439e-02,-1.315374041109906855e-02,3.757125973011447850e-02,3.466900000000000537e-01
1.190000000000000036e+01,5.408728747321025487e+00,3.557760591141707895e-02,-1.420886069537941054e-02,5.422783308050840745e+00,4.534983694318057978e-02,-1.757071360889339573e-02,5.425000000000000711e+00,0.000000000000000000e+00,0.000000000000000000e+00,5.049369929101428234e-01,8.066738726467938270e-03,3.557760591141707895e-02,-1.420886069537941054e-02,3.912185714062099695e-02,2.978380000000000472e-01
1.195000000000000107e+01,5.432101286781582772e+00,3.522994287872152630e-02,-1.553864665112936194e-02,5.441963907953045521e+00,3.887474098298926428e-02,-1.099718578994979268e-02,5.450000000000000178e+00,0.000000000000000000e+00,0.000000000000000000e+00,5.178979091341456842e-01,-8.437925889396014068e-03,3.522994287872152630e-02,-1.553864665112936194e-02,3.951598170504095481e-02,2.961349999999999816e-01
1.200000000000000000e+01,5.456167677834590002e+00,3.488402602816274151e-02,-1.320625582245282814e-02,5.441293422376841882e+00,3.010054581350214004e-02,9.908592117585879322e-03,5.450000000000000178e+00,0.000000000000000000e+00,0.000000000000000000e+00,5.193912103586455498e-01,-7.611767115876644230e-02,3.488402602816274151e-02,-1.320625582245282814e-02,3.542506911503245232e-02,3.085879999999999734e-01
